PIN,ERROR
"=""1715320327""",Not found in IRIS
"=""1731134141""",Not found in IRIS
"=""0779401043""",Not found in IRIS
"=""0779400856""",Not found in IRIS
"=""1712635307""",Not found in IRIS
"=""1705594776""",Not found in IRIS
"=""1735614146""",Not found in IRIS
"=""0778822507""",Not found in IRIS
"=""1707184301""",Not found in IRIS
"=""0792285877""",Not found in IRIS
"=""0797207939""",Not found in IRIS
"=""1732139120""",Not found in IRIS
"=""1747289302""",Not found in IRIS
"=""0795404422""",Not found in IRIS
"=""0793079218""",Not found in IRIS
"=""0783912213""",Not found in IRIS
"=""1722822525""",Not found in IRIS
"=""1714053891""",Not found in IRIS
"=""1733105936""",Not found in IRIS
"=""1727712276""",Not found in IRIS
"=""1737189975""",Not found in IRIS
"=""1713632928""",Not found in IRIS
"=""1722786619""",Not found in IRIS
"=""0779518933""",Not found in IRIS
"=""0786597817""",Not found in IRIS
"=""1717081932""",Not found in IRIS
"=""1729943148""",Not found in IRIS
"=""1732721796""",Not found in IRIS
"=""1703416509""",Not found in IRIS
"=""1707541542""",Not found in IRIS
"=""1707990004""",Not found in IRIS
"=""1712347190""",Not found in IRIS
"=""0794337401""",Not found in IRIS
"=""1713157062""",Not found in IRIS
"=""1739389025""",Not found in IRIS
"=""1701592145""",Not found in IRIS
"=""0797997220""",Not found in IRIS
"=""0798429713""",Not found in IRIS
"=""0793069695""",Not found in IRIS
"=""1705400407""",Not found in IRIS
"=""0783374840""",Not found in IRIS
"=""0787903158""",Not found in IRIS
"=""1725439454""",Not found in IRIS
"=""0778822571""",Not found in IRIS
"=""1739007874""",Not found in IRIS
"=""1737583345""",Not found in IRIS
"=""0758946817""",Not found in IRIS
"=""1747257778""",Not found in IRIS
"=""1703293160""",Not found in IRIS
"=""1727693749""",Not found in IRIS
"=""1733411782""",Not found in IRIS
"=""0788132933""",Not found in IRIS
"=""0794457424""",Not found in IRIS
"=""1722390726""",Not found in IRIS
"=""1733122041""",Not found in IRIS
"=""1732295031""",Not found in IRIS
"=""1704170294""",Not found in IRIS
"=""1736413352""",Not found in IRIS
"=""0792383407""",Not found in IRIS
"=""1713384846""",Not found in IRIS
"=""0782599387""",Not found in IRIS
"=""0787538798""",Not found in IRIS
"=""1726874639""",Not found in IRIS
"=""1706297619""",Not found in IRIS
"=""1707297360""",Not found in IRIS
"=""0794975347""",Not found in IRIS
"=""1734668451""",Not found in IRIS
"=""0786868974""",Not found in IRIS
"=""1703345084""",Not found in IRIS
"=""0768537162""",Not found in IRIS
"=""1725023865""",Not found in IRIS
"=""1707180324""",Not found in IRIS
"=""1735025275""",Not found in IRIS
"=""1725926948""",Not found in IRIS
"=""1707893057""",Not found in IRIS
"=""0794272691""",Not found in IRIS
"=""1708138030""",Not found in IRIS
"=""1716270563""",Not found in IRIS
"=""1722831045""",Not found in IRIS
"=""1725690326""",Not found in IRIS
"=""0778826778""",Not found in IRIS
"=""1705337658""",Not found in IRIS
"=""1723251380""",Not found in IRIS
"=""0787725771""",Not found in IRIS
"=""0794442496""",Not found in IRIS
"=""0788542789""",Not found in IRIS
"=""0783637785""",Not found in IRIS
"=""1737016780""",Not found in IRIS
"=""0793164318""",Not found in IRIS
"=""1721993244""",Not found in IRIS
"=""1712440047""",Not found in IRIS
"=""0783574577""",Not found in IRIS
"=""1735517130""",Not found in IRIS
"=""1704634800""",Not found in IRIS
"=""1713602655""",Not found in IRIS
"=""0797770689""",Not found in IRIS
"=""1725875456""",Not found in IRIS
"=""1717223095""",Not found in IRIS
"=""0768875819""",Not found in IRIS
"=""1728077477""",Not found in IRIS
"=""0778415415""",Not found in IRIS
"=""0787440481""",Not found in IRIS
"=""0778477421""",Not found in IRIS
"=""1704958418""",Not found in IRIS
"=""1707185639""",Not found in IRIS
"=""1704849531""",Not found in IRIS
"=""0778718213""",Not found in IRIS
"=""0768426188""",Not found in IRIS
"=""0787701021""",Not found in IRIS
"=""0778711355""",Not found in IRIS
"=""1737282221""",Not found in IRIS
"=""1707180436""",Not found in IRIS
"=""0795360418""",Not found in IRIS
"=""0788142213""",Not found in IRIS
"=""1732447333""",Not found in IRIS
"=""0792351994""",Not found in IRIS
"=""0788813826""",Not found in IRIS
"=""1707395674""",Not found in IRIS
"=""1712048385""",Not found in IRIS
"=""1722070456""",Not found in IRIS
"=""1713179610""",Not found in IRIS
"=""1703889981""",Not found in IRIS
"=""1705592477""",Not found in IRIS
"=""1732222932""",Not found in IRIS
"=""1736048815""",Not found in IRIS
"=""0798521845""",Not found in IRIS
"=""0794596616""",Not found in IRIS
"=""0794596507""",Not found in IRIS
"=""1707064006""",Not found in IRIS
"=""0786653935""",Not found in IRIS
"=""1723905417""",Not found in IRIS
"=""1706290923""",Not found in IRIS
"=""1707982645""",Not found in IRIS
"=""1713585161""",Not found in IRIS
"=""1735786641""",Not found in IRIS
"=""0783050299""",Not found in IRIS
"=""0797848328""",Not found in IRIS
"=""0793162379""",Not found in IRIS
"=""1708166669""",Not found in IRIS
"=""1726888816""",Not found in IRIS
"=""1733226379""",Not found in IRIS
"=""1729405509""",Not found in IRIS
"=""1830157604""",Not found in IRIS
"=""1735783034""",Not found in IRIS
"=""0774819790""",Not found in IRIS
"=""1717309631""",Not found in IRIS
"=""1738214144""",Not found in IRIS
"=""1706126423""",Not found in IRIS
"=""1725136827""",Not found in IRIS
"=""1830238362""",Not found in IRIS
"=""0797771746""",Not found in IRIS
"=""1745796406""",Not found in IRIS
"=""0797611682""",Not found in IRIS
"=""1732190335""",Not found in IRIS
"=""1703463447""",Not found in IRIS
"=""0793005271""",Not found in IRIS
"=""1735858530""",Not found in IRIS
"=""1706541192""",Not found in IRIS
"=""1723181761""",Not found in IRIS
"=""0788143273""",Not found in IRIS
"=""1707072749""",Not found in IRIS
"=""1712772403""",Not found in IRIS
"=""1739026101""",Not found in IRIS
"=""1703462475""",Not found in IRIS
"=""0759910693""",Not found in IRIS
"=""1705595341""",Not found in IRIS
"=""1733492568""",Not found in IRIS
"=""1732700240""",Not found in IRIS
"=""1734444978""",Not found in IRIS
"=""1731298281""",Not found in IRIS
"=""1731092196""",Not found in IRIS
"=""1736056671""",Not found in IRIS
"=""0783381261""",Not found in IRIS
"=""1705511088""",Not found in IRIS
"=""1729249358""",Not found in IRIS
"=""1729405791""",Not found in IRIS
"=""1739387076""",Not found in IRIS
"=""0788140171""",Not found in IRIS
"=""1723713735""",Not found in IRIS
"=""0793163487""",Not found in IRIS
"=""1747742115""",Not found in IRIS
"=""0793350560""",Not found in IRIS
"=""0783092717""",Not found in IRIS
"=""1732320421""",Not found in IRIS
"=""0758660505""",Not found in IRIS
"=""0758698122""",Not found in IRIS
"=""0788730855""",Not found in IRIS
"=""1737310126""",Not found in IRIS
"=""1717706320""",Not found in IRIS
"=""0794825227""",Not found in IRIS
"=""1729611044""",Not found in IRIS
"=""0794758963""",Not found in IRIS
"=""0779541532""",Not found in IRIS
"=""1737188045""",Not found in IRIS
"=""1746396483""",Not found in IRIS
"=""0768138540""",Not found in IRIS
"=""1703864622""",Not found in IRIS
"=""0777564904""",Not found in IRIS
"=""1702882580""",Not found in IRIS
"=""1714546337""",Not found in IRIS
"=""0792067190""",Not found in IRIS
"=""1725346910""",Not found in IRIS
"=""0759825154""",Not found in IRIS
"=""1704041151""",Not found in IRIS
"=""1704912662""",Not found in IRIS
"=""0758728317""",Not found in IRIS
"=""1726474501""",Not found in IRIS
"=""1713098581""",Not found in IRIS
"=""1738138905""",Not found in IRIS
"=""0794118061""",Not found in IRIS
"=""0794043308""",Not found in IRIS
"=""1724479007""",Not found in IRIS
"=""1703652553""",Not found in IRIS
"=""1731687187""",Not found in IRIS
"=""1724571029""",Not found in IRIS
"=""1713172179""",Not found in IRIS
"=""1737927185""",Not found in IRIS
"=""1724479270""",Not found in IRIS
"=""1724570254""",Not found in IRIS
"=""1724478056""",Not found in IRIS
"=""1724570046""",Not found in IRIS
"=""0774883664""",Not found in IRIS
"=""1718217428""",Not found in IRIS
"=""1734428880""",Not found in IRIS
"=""1734426779""",Not found in IRIS
"=""0777872850""",Not found in IRIS
"=""1714305445""",Not found in IRIS
"=""1705163221""",Not found in IRIS
"=""1734756033""",Not found in IRIS
"=""1717308624""",Not found in IRIS
"=""1725876205""",Not found in IRIS
"=""1713103721""",Not found in IRIS
"=""1713093656""",Not found in IRIS
"=""1722294134""",Not found in IRIS
"=""1721949936""",Not found in IRIS
"=""0798531073""",Not found in IRIS
"=""0788422604""",Not found in IRIS
"=""1732525938""",Not found in IRIS
"=""0788355475""",Not found in IRIS
"=""1830518211""",Not found in IRIS
"=""0788028717""",Not found in IRIS
"=""0788145070""",Not found in IRIS
"=""1746216969""",Not found in IRIS
"=""0777546714""",Not found in IRIS
"=""0787040765""",Not found in IRIS
"=""1734089479""",Not found in IRIS
"=""1716651123""",Not found in IRIS
"=""1704879959""",Not found in IRIS
"=""0792354832""",Not found in IRIS
"=""1707181850""",Not found in IRIS
"=""1718517408""",Not found in IRIS
"=""1706556026""",Not found in IRIS
"=""1733697733""",Not found in IRIS
"=""1723987969""",Not found in IRIS
"=""1716747957""",Not found in IRIS
"=""1705061837""",Not found in IRIS
"=""1704195460""",Not found in IRIS
"=""0777875886""",Not found in IRIS
"=""1737971057""",Not found in IRIS
"=""0787813275""",Not found in IRIS
"=""1732542377""",Not found in IRIS
"=""1728419288""",Not found in IRIS
"=""1724365729""",Not found in IRIS
"=""1746692401""",Not found in IRIS
"=""0786187192""",Not found in IRIS
"=""0786660636""",Not found in IRIS
"=""1745092663""",Not found in IRIS
"=""1702070867""",Not found in IRIS
"=""0797999313""",Not found in IRIS
"=""1748316620""",Not found in IRIS
"=""0796960860""",Not found in IRIS
"=""1739004683""",Not found in IRIS
"=""1737280556""",Not found in IRIS
"=""0787548047""",Not found in IRIS
"=""1717274212""",Not found in IRIS
"=""0797677934""",Not found in IRIS
"=""1707020440""",Not found in IRIS
"=""1718827846""",Not found in IRIS
"=""1713867642""",Not found in IRIS
"=""1707182833""",Not found in IRIS
"=""1707396802""",Not found in IRIS
"=""0788140466""",Not found in IRIS
"=""0787346817""",Not found in IRIS
"=""0787707135""",Not found in IRIS
"=""1707571075""",Not found in IRIS
"=""0787797541""",Not found in IRIS
"=""0794980446""",Not found in IRIS
"=""1713640700""",Not found in IRIS
"=""1725011247""",Not found in IRIS
"=""0787546323""",Not found in IRIS
"=""0798009466""",Not found in IRIS
"=""0797689817""",Not found in IRIS
"=""1708546968""",Not found in IRIS
"=""0783969609""",Not found in IRIS
"=""1707184489""",Not found in IRIS
"=""1702231987""",Not found in IRIS
"=""0778944554""",Not found in IRIS
"=""0793068844""",Not found in IRIS
"=""1707181588""",Not found in IRIS
"=""1707183848""",Not found in IRIS
"=""1717306619""",Not found in IRIS
"=""1707469661""",Not found in IRIS
"=""1707022908""",Not found in IRIS
"=""1729622848""",Not found in IRIS
"=""0787529958""",Not found in IRIS
"=""1747259687""",Not found in IRIS
"=""1737281047""",Not found in IRIS
"=""1712233807""",Not found in IRIS
"=""0793283413""",Not found in IRIS
"=""1725924535""",Not found in IRIS
"=""1737281422""",Not found in IRIS
"=""1712433719""",Not found in IRIS
"=""1715751296""",Not found in IRIS
"=""1745162627""",Not found in IRIS
"=""1737283074""",Not found in IRIS
"=""0778944963""",Not found in IRIS
"=""1707185320""",Not found in IRIS
"=""1729820014""",Not found in IRIS
"=""1729851733""",Not found in IRIS
"=""0794120905""",Not found in IRIS
"=""1707021497""",Not found in IRIS
"=""1725866929""",Not found in IRIS
"=""0797957760""",Not found in IRIS
"=""0778704011""",Not found in IRIS
"=""0787450280""",Not found in IRIS
"=""1725876183""",Not found in IRIS
"=""1715850762""",Not found in IRIS
"=""1725047225""",Not found in IRIS
"=""1704691940""",Not found in IRIS
"=""0788027675""",Not found in IRIS
"=""0795084981""",Not found in IRIS
"=""0794120863""",Not found in IRIS
"=""0788140468""",Not found in IRIS
"=""0787490998""",Not found in IRIS
"=""0795266129""",Not found in IRIS
"=""1707359701""",Not found in IRIS
"=""1707665318""",Not found in IRIS
"=""1724581140""",Not found in IRIS
"=""1707184731""",Not found in IRIS
"=""1702330351""",Not found in IRIS
"=""0777687380""",Not found in IRIS
"=""1707884651""",Not found in IRIS
"=""1723191054""",Not found in IRIS
"=""1731563295""",Not found in IRIS
"=""1830250595""",Not found in IRIS
"=""1713496507""",Not found in IRIS
"=""0795480255""",Not found in IRIS
"=""1707034038""",Not found in IRIS
"=""0796569014""",Not found in IRIS
"=""0794450438""",Not found in IRIS
"=""1734298188""",Not found in IRIS
"=""0777787260""",Not found in IRIS
"=""1707664215""",Not found in IRIS
"=""1705000684""",Not found in IRIS
"=""0795978683""",Not found in IRIS
"=""0793352548""",Not found in IRIS
"=""0758832430""",Not found in IRIS
"=""1830156481""",Not found in IRIS
"=""0792237079""",Not found in IRIS
"=""0788917884""",Not found in IRIS
"=""0785766066""",Not found in IRIS
"=""1733692552""",Not found in IRIS
"=""1725176050""",Not found in IRIS
"=""0782770306""",Not found in IRIS
"=""0777980795""",Not found in IRIS
"=""1707655997""",Not found in IRIS
"=""0774927508""",Not found in IRIS
"=""1747255671""",Not found in IRIS
"=""1705000686""",Not found in IRIS
"=""0798141443""",Not found in IRIS
"=""1737943214""",Not found in IRIS
"=""1715112210""",Not found in IRIS
"=""0798100384""",Not found in IRIS
"=""0794448135""",Not found in IRIS
"=""1707656985""",Not found in IRIS
"=""1712557457""",Not found in IRIS
"=""1724647406""",Not found in IRIS
"=""1733403044""",Not found in IRIS
"=""1706333185""",Not found in IRIS
"=""1722821262""",Not found in IRIS
"=""0778702965""",Not found in IRIS
"=""1703978845""",Not found in IRIS
"=""1717400834""",Not found in IRIS
"=""1706566672""",Not found in IRIS
"=""0768155230""",Not found in IRIS
"=""0788509916""",Not found in IRIS
"=""1736046370""",Not found in IRIS
"=""0786371591""",Not found in IRIS
"=""1728191516""",Not found in IRIS
"=""0787705379""",Not found in IRIS
"=""0785188611""",Not found in IRIS
"=""1715214027""",Not found in IRIS
"=""1731378567""",Not found in IRIS
"=""1724790684""",Not found in IRIS
"=""0758992236""",Not found in IRIS
"=""0797759564""",Not found in IRIS
"=""1723254876""",Not found in IRIS
"=""1725226860""",Not found in IRIS
"=""0782454164""",Not found in IRIS
"=""1731296902""",Not found in IRIS
"=""1718885193""",Not found in IRIS
"=""0792481759""",Not found in IRIS
"=""0787106120""",Not found in IRIS
"=""0787535747""",Not found in IRIS
"=""1723255042""",Not found in IRIS
"=""0786375094""",Not found in IRIS
"=""1707390515""",Not found in IRIS
"=""1733519337""",Not found in IRIS
"=""0794320752""",Not found in IRIS
"=""0779417495""",Not found in IRIS
"=""1713631863""",Not found in IRIS
"=""0784000367""",Not found in IRIS
"=""0786751997""",Not found in IRIS
"=""1703891141""",Not found in IRIS
"=""0758425783""",Not found in IRIS
"=""0783375015""",Not found in IRIS
"=""0779347055""",Not found in IRIS
"=""1738216325""",Not found in IRIS
"=""1747894928""",Not found in IRIS
"=""0797369512""",Not found in IRIS
"=""0793276397""",Not found in IRIS
"=""1713044524""",Not found in IRIS
"=""0768540402""",Not found in IRIS
"=""1727468923""",Not found in IRIS
"=""0783773448""",Not found in IRIS
"=""0783397349""",Not found in IRIS
"=""1731452831""",Not found in IRIS
"=""0794203466""",Not found in IRIS
"=""0794235575""",Not found in IRIS
"=""0787112737""",Not found in IRIS
"=""1724477055""",Not found in IRIS
"=""1703747976""",Not found in IRIS
"=""1714372161""",Not found in IRIS
"=""1747498783""",Not found in IRIS
"=""1705320870""",Not found in IRIS
"=""1717929810""",Not found in IRIS
"=""0778395233""",Not found in IRIS
"=""0785826556""",Not found in IRIS
"=""1725394162""",Not found in IRIS
"=""1714308000""",Not found in IRIS
"=""0785316741""",Not found in IRIS
"=""0786301245""",Not found in IRIS
"=""1733618838""",Not found in IRIS
"=""1729408923""",Not found in IRIS
"=""1729408926""",Not found in IRIS
"=""1745598732""",Not found in IRIS
"=""0792468703""",Not found in IRIS
"=""1725990078""",Not found in IRIS
"=""0778701916""",Not found in IRIS
"=""0783941257""",Not found in IRIS
"=""1747124970""",Not found in IRIS
"=""0788133984""",Not found in IRIS
"=""0777738081""",Not found in IRIS
"=""1747999004""",Not found in IRIS
"=""1702026610""",Not found in IRIS
"=""1705783108""",Not found in IRIS
"=""0793009444""",Not found in IRIS
"=""0787547437""",Not found in IRIS
"=""0796532969""",Not found in IRIS
"=""1722662423""",Not found in IRIS
"=""1703855873""",Not found in IRIS
"=""1747677362""",Not found in IRIS
"=""0788009640""",Not found in IRIS
"=""1716587974""",Not found in IRIS
"=""1728003600""",Not found in IRIS
"=""1713586224""",Not found in IRIS
"=""1707396838""",Not found in IRIS
"=""0791993503""",Not found in IRIS
"=""0786597853""",Not found in IRIS
"=""1723954085""",Not found in IRIS
"=""1724794608""",Not found in IRIS
"=""1707183883""",Not found in IRIS
"=""0778609867""",Not found in IRIS
"=""1734285187""",Not found in IRIS
"=""1732281436""",Not found in IRIS
"=""1712347009""",Not found in IRIS
"=""1703773125""",Not found in IRIS
"=""1737282207""",Not found in IRIS
"=""1707021675""",Not found in IRIS
"=""0788010139""",Not found in IRIS
"=""1721986198""",Not found in IRIS
"=""0787536797""",Not found in IRIS
"=""0782348004""",Not found in IRIS
"=""1703490102""",Not found in IRIS
"=""1737189888""",Not found in IRIS
"=""1725629707""",Not found in IRIS
"=""0792355967""",Not found in IRIS
"=""1729786205""",Not found in IRIS
"=""0768106128""",Not found in IRIS
"=""0793163660""",Not found in IRIS
"=""1830250635""",Not found in IRIS
"=""1725991094""",Not found in IRIS
"=""1739006401""",Not found in IRIS
"=""1747121607""",Not found in IRIS
"=""0768155311""",Not found in IRIS
"=""1716690717""",Not found in IRIS
"=""1735131032""",Not found in IRIS
"=""1722824232""",Not found in IRIS
"=""0783368946""",Not found in IRIS
"=""1703967521""",Not found in IRIS
"=""1705887383""",Not found in IRIS
"=""0787813479""",Not found in IRIS
"=""1732631549""",Not found in IRIS
"=""1732289450""",Not found in IRIS
"=""0778365983""",Not found in IRIS
"=""0792167229""",Not found in IRIS
"=""0775931832""",Not found in IRIS
"=""1731774613""",Not found in IRIS
"=""0792094993""",Not found in IRIS
"=""1747055577""",Not found in IRIS
"=""0768135045""",Not found in IRIS
"=""1738420406""",Not found in IRIS
"=""1830504202""",Not found in IRIS
"=""1707285922""",Not found in IRIS
"=""0793288231""",Not found in IRIS
"=""1739022635""",Not found in IRIS
"=""0778702889""",Not found in IRIS
"=""1722187197""",Not found in IRIS
"=""1727850570""",Not found in IRIS
"=""1727081938""",Not found in IRIS
"=""1722820599""",Not found in IRIS
"=""0792367158""",Not found in IRIS
"=""1707036034""",Not found in IRIS
"=""0797407358""",Not found in IRIS
"=""1704913757""",Not found in IRIS
"=""1738093608""",Not found in IRIS
"=""1728877921""",Not found in IRIS
"=""1737836810""",Not found in IRIS
"=""1704193460""",Not found in IRIS
"=""1830157967""",Not found in IRIS
"=""0787463074""",Not found in IRIS
"=""0788130976""",Not found in IRIS
"=""1712896405""",Not found in IRIS
"=""0783368981""",Not found in IRIS
"=""1727151854""",Not found in IRIS
"=""0783912452""",Not found in IRIS
"=""1738216244""",Not found in IRIS
"=""1723649328""",Not found in IRIS
"=""1717306840""",Not found in IRIS
"=""1721999358""",Not found in IRIS
"=""0792583125""",Not found in IRIS
"=""1704194460""",Not found in IRIS
"=""0793256213""",Not found in IRIS
"=""1747188145""",Not found in IRIS
"=""1748314267""",Not found in IRIS
"=""1725875398""",Not found in IRIS
"=""0795404783""",Not found in IRIS
"=""0758543036""",Not found in IRIS
"=""1707948077""",Not found in IRIS
"=""1703382681""",Not found in IRIS
"=""1703764221""",Not found in IRIS
"=""1716069050""",Not found in IRIS
"=""0785175708""",Not found in IRIS
"=""1734788003""",Not found in IRIS
"=""1722430980""",Not found in IRIS
"=""1715231396""",Not found in IRIS
"=""1707885713""",Not found in IRIS
"=""1724182931""",Not found in IRIS
"=""0793353623""",Not found in IRIS
"=""1722957498""",Not found in IRIS
"=""0777685680""",Not found in IRIS
"=""0783681196""",Not found in IRIS
"=""1737189436""",Not found in IRIS
"=""1703743097""",Not found in IRIS
"=""1732634555""",Not found in IRIS
"=""0774936550""",Not found in IRIS
"=""1713378883""",Not found in IRIS
"=""1729918515""",Not found in IRIS
"=""1723907568""",Not found in IRIS
"=""1707182683""",Not found in IRIS
"=""0788141495""",Not found in IRIS
"=""1733326528""",Not found in IRIS
"=""1715892172""",Not found in IRIS
"=""0774736638""",Not found in IRIS
"=""1722184716""",Not found in IRIS
"=""1712882743""",Not found in IRIS
"=""1745592031""",Not found in IRIS
"=""1702463350""",Not found in IRIS
"=""1732961396""",Not found in IRIS
"=""0778942408""",Not found in IRIS
"=""0783906421""",Not found in IRIS
"=""0777933621""",Not found in IRIS
"=""0774837421""",Not found in IRIS
"=""1707186381""",Not found in IRIS
"=""0795386748""",Not found in IRIS
"=""1707181733""",Not found in IRIS
"=""1707185548""",Not found in IRIS
"=""1715729092""",Not found in IRIS
"=""1712029464""",Not found in IRIS
"=""1747820445""",Not found in IRIS
"=""1747252845""",Not found in IRIS
"=""1725604427""",Not found in IRIS
"=""1734490873""",Not found in IRIS
"=""0798935805""",Not found in IRIS
"=""1746322355""",Not found in IRIS
"=""1732516699""",Not found in IRIS
"=""0793281155""",Not found in IRIS
"=""1735207866""",Not found in IRIS
"=""0786374190""",Not found in IRIS
"=""1724194100""",Not found in IRIS
"=""1704741370""",Not found in IRIS
"=""1703691063""",Not found in IRIS
"=""1739472842""",Not found in IRIS
"=""0783648284""",Not found in IRIS
"=""1703733849""",Not found in IRIS
"=""0787607528""",Not found in IRIS
"=""1705866332""",Not found in IRIS
"=""1726887849""",Not found in IRIS
"=""1716917654""",Not found in IRIS
"=""0792342431""",Not found in IRIS
"=""1708218758""",Not found in IRIS
"=""0777802611""",Not found in IRIS
"=""1728501944""",Not found in IRIS
"=""1830508755""",Not found in IRIS
"=""1729800124""",Not found in IRIS
"=""1713465966""",Not found in IRIS
"=""1738436486""",Not found in IRIS
"=""1830509871""",Not found in IRIS
"=""0778708926""",Not found in IRIS
"=""1732853621""",Not found in IRIS
"=""0794435365""",Not found in IRIS
"=""0768524522""",Not found in IRIS
"=""0788144479""",Not found in IRIS
"=""1721949206""",Not found in IRIS
"=""0785624725""",Not found in IRIS
"=""1733615153""",Not found in IRIS
"=""0778715041""",Not found in IRIS
"=""0795334065""",Not found in IRIS
"=""0792677070""",Not found in IRIS
"=""1714656925""",Not found in IRIS
"=""0787536909""",Not found in IRIS
"=""1723888638""",Not found in IRIS
"=""0796228010""",Not found in IRIS
"=""0797084329""",Not found in IRIS
"=""0793258472""",Not found in IRIS
"=""1732064655""",Not found in IRIS
"=""0793783406""",Not found in IRIS
"=""1736958702""",Not found in IRIS
"=""1707183312""",Not found in IRIS
"=""1714208493""",Not found in IRIS
"=""1702023190""",Not found in IRIS
"=""0778918216""",Not found in IRIS
"=""1830157393""",Not found in IRIS
"=""1714857739""",Not found in IRIS
"=""0792364256""",Not found in IRIS
"=""0793160973""",Not found in IRIS
"=""1731393172""",Not found in IRIS
"=""1732204106""",Not found in IRIS
"=""1703875216""",Not found in IRIS
"=""1713192250""",Not found in IRIS
"=""1704385160""",Not found in IRIS
"=""0778765360""",Not found in IRIS
"=""1713814535""",Not found in IRIS
"=""0793707101""",Not found in IRIS
"=""0758670186""",Not found in IRIS
"=""1830517066""",Not found in IRIS
"=""0758685362""",Not found in IRIS
"=""0779105069""",Not found in IRIS
"=""0779349440""",Not found in IRIS
"=""1723114635""",Not found in IRIS
"=""0768765641""",Not found in IRIS
"=""1716407848""",Not found in IRIS
"=""0779544466""",Not found in IRIS
"=""1703457694""",Not found in IRIS
"=""0795873928""",Not found in IRIS
"=""1705562346""",Not found in IRIS
"=""0768531315""",Not found in IRIS
"=""0768758152""",Not found in IRIS
"=""0768765530""",Not found in IRIS
"=""1707912786""",Not found in IRIS
"=""0782763719""",Not found in IRIS
"=""1746151906""",Not found in IRIS
"=""1724478076""",Not found in IRIS
"=""1724571213""",Not found in IRIS
"=""1747299793""",Not found in IRIS
"=""0782420709""",Not found in IRIS
"=""1707283855""",Not found in IRIS
"=""1723389538""",Not found in IRIS
"=""0794823698""",Not found in IRIS
"=""0792689000""",Not found in IRIS
"=""0783492642""",Not found in IRIS
"=""1722280562""",Not found in IRIS
"=""1713071984""",Not found in IRIS
"=""1731453743""",Not found in IRIS
"=""1713079470""",Not found in IRIS
"=""0758728400""",Not found in IRIS
"=""0758728238""",Not found in IRIS
"=""0794757521""",Not found in IRIS
"=""1722836235""",Not found in IRIS
"=""0794552864""",Not found in IRIS
"=""0784942426""",Not found in IRIS
"=""1705902899""",Not found in IRIS
"=""1703728283""",Not found in IRIS
"=""1707379745""",Not found in IRIS
"=""1731540154""",Not found in IRIS
"=""1714545349""",Not found in IRIS
"=""1714364919""",Not found in IRIS
"=""0788645352""",Not found in IRIS
"=""1705605342""",Not found in IRIS
"=""1705816287""",Not found in IRIS
"=""1734757161""",Not found in IRIS
"=""1733714713""",Not found in IRIS
"=""0783573146""",Not found in IRIS
"=""1713070435""",Not found in IRIS
"=""0784730582""",Not found in IRIS
"=""0794321693""",Not found in IRIS
"=""1716147623""",Not found in IRIS
"=""0777836178""",Not found in IRIS
"=""0787170517""",Not found in IRIS
"=""1706299613""",Not found in IRIS
"=""1739015771""",Not found in IRIS
"=""0778829411""",Not found in IRIS
"=""1704598657""",Not found in IRIS
"=""1717719312""",Not found in IRIS
"=""1726991178""",Not found in IRIS
"=""0779515867""",Not found in IRIS
"=""1732547222""",Not found in IRIS
"=""1725879130""",Not found in IRIS
"=""1737186894""",Not found in IRIS
"=""0786266257""",Not found in IRIS
"=""0778827441""",Not found in IRIS
"=""1715427022""",Not found in IRIS
"=""1732880597""",Not found in IRIS
"=""0793669642""",Not found in IRIS
"=""1723311385""",Not found in IRIS
"=""0794632154""",Not found in IRIS
"=""1704201268""",Not found in IRIS
"=""0778825669""",Not found in IRIS
"=""0793288298""",Not found in IRIS
"=""1735781685""",Not found in IRIS
"=""0793160424""",Not found in IRIS
"=""1724795742""",Not found in IRIS
"=""1735220354""",Not found in IRIS
"=""1716532749""",Not found in IRIS
"=""0798438144""",Not found in IRIS
"=""1727059648""",Not found in IRIS
"=""1724229676""",Not found in IRIS
"=""1830159407""",Not found in IRIS
"=""0792364120""",Not found in IRIS
"=""0794596791""",Not found in IRIS
"=""0778827611""",Not found in IRIS
"=""1737285251""",Not found in IRIS
"=""1729620234""",Not found in IRIS
"=""0795278340""",Not found in IRIS
"=""1725774421""",Not found in IRIS
"=""1725695956""",Not found in IRIS
"=""1738424901""",Not found in IRIS
"=""1734787826""",Not found in IRIS
"=""1737188900""",Not found in IRIS
"=""1716179425""",Not found in IRIS
"=""0777889873""",Not found in IRIS
"=""1729416748""",Not found in IRIS
"=""0784402258""",Not found in IRIS
"=""0794542921""",Not found in IRIS
"=""0793160833""",Not found in IRIS
"=""1745148641""",Not found in IRIS
"=""0787901022""",Not found in IRIS
"=""0785749524""",Not found in IRIS
"=""0782188149""",Not found in IRIS
"=""1715320107""",Not found in IRIS
"=""1738329737""",Not found in IRIS
"=""1713458858""",Not found in IRIS
"=""1722787657""",Not found in IRIS
"=""1747830628""",Not found in IRIS
"=""0793163301""",Not found in IRIS
"=""0792179413""",Not found in IRIS
"=""1722849976""",Not found in IRIS
"=""0783639656""",Not found in IRIS
"=""0784569862""",Not found in IRIS
"=""1708051632""",Not found in IRIS
"=""0788918695""",Not found in IRIS
"=""0787041988""",Not found in IRIS
"=""1704808299""",Not found in IRIS
"=""1707033124""",Not found in IRIS
"=""0778713378""",Not found in IRIS
"=""1703847367""",Not found in IRIS
"=""1725046306""",Not found in IRIS
"=""1714664270""",Not found in IRIS
"=""0793009104""",Not found in IRIS
"=""0782178926""",Not found in IRIS
"=""0758544195""",Not found in IRIS
"=""0793351563""",Not found in IRIS
"=""1739378818""",Not found in IRIS
"=""1704809499""",Not found in IRIS
"=""1718731366""",Not found in IRIS
"=""0778619081""",Not found in IRIS
"=""0788140062""",Not found in IRIS
"=""1732753121""",Not found in IRIS
"=""1723254964""",Not found in IRIS
"=""1707887826""",Not found in IRIS
"=""0798045091""",Not found in IRIS
"=""0786683610""",Not found in IRIS
"=""1739014773""",Not found in IRIS
"=""1714567498""",Not found in IRIS
"=""1703319309""",Not found in IRIS
"=""1705327693""",Not found in IRIS
"=""0778705945""",Not found in IRIS
"=""0786277777""",Not found in IRIS
"=""1706606632""",Not found in IRIS
"=""1706297786""",Not found in IRIS
"=""0793011329""",Not found in IRIS
"=""0796954128""",Not found in IRIS
"=""1707282898""",Not found in IRIS
"=""0795405518""",Not found in IRIS
"=""1830506453""",Not found in IRIS
"=""0792363202""",Not found in IRIS
"=""1707184674""",Not found in IRIS
"=""1729440748""",Not found in IRIS
"=""1714559896""",Not found in IRIS
"=""1712344334""",Not found in IRIS
"=""1707397860""",Not found in IRIS
"=""0788140241""",Not found in IRIS
"=""1725023849""",Not found in IRIS
"=""1703385752""",Not found in IRIS
"=""1733421579""",Not found in IRIS
"=""0778712300""",Not found in IRIS
"=""1703562950""",Not found in IRIS
"=""1703444408""",Not found in IRIS
"=""1735771701""",Not found in IRIS
"=""1723149925""",Not found in IRIS
"=""0795527805""",Not found in IRIS
"=""0788146414""",Not found in IRIS
"=""0786990440""",Not found in IRIS
"=""1715111977""",Not found in IRIS
"=""1737695790""",Not found in IRIS
"=""0778701848""",Not found in IRIS
"=""0792358803""",Not found in IRIS
"=""0793005171""",Not found in IRIS
"=""0793067978""",Not found in IRIS
"=""0783494835""",Not found in IRIS
"=""0795163965""",Not found in IRIS
"=""1830157748""",Not found in IRIS
"=""0787538903""",Not found in IRIS
"=""1729728547""",Not found in IRIS
"=""0792582161""",Not found in IRIS
"=""0792352872""",Not found in IRIS
"=""1725878217""",Not found in IRIS
"=""1703775143""",Not found in IRIS
"=""0785776953""",Not found in IRIS
"=""1735305232""",Not found in IRIS
"=""1708258061""",Not found in IRIS
"=""0783671622""",Not found in IRIS
"=""1733401462""",Not found in IRIS
"=""0778710273""",Not found in IRIS
"=""1725877023""",Not found in IRIS
"=""0797966015""",Not found in IRIS
"=""1712310957""",Not found in IRIS
"=""0795263274""",Not found in IRIS
"=""1703292585""",Not found in IRIS
"=""1731878727""",Not found in IRIS
"=""1704728105""",Not found in IRIS
"=""1745213556""",Not found in IRIS
"=""1737949806""",Not found in IRIS
"=""0794638942""",Not found in IRIS
"=""1735024960""",Not found in IRIS
"=""1830157226""",Not found in IRIS
"=""1717932827""",Not found in IRIS
"=""0783494865""",Not found in IRIS
"=""0777748935""",Not found in IRIS
"=""1737454603""",Not found in IRIS
"=""0795183352""",Not found in IRIS
"=""1703887004""",Not found in IRIS
"=""1702372869""",Not found in IRIS
"=""1737007811""",Not found in IRIS
"=""1701495113""",Not found in IRIS
"=""1702035700""",Not found in IRIS
"=""0792271365""",Not found in IRIS
"=""1705796668""",Not found in IRIS
"=""0786320346""",Not found in IRIS
"=""1713043535""",Not found in IRIS
"=""0795079325""",Not found in IRIS
"=""0798649673""",Not found in IRIS
"=""1715691126""",Not found in IRIS
"=""0794321435""",Not found in IRIS
"=""1830201358""",Not found in IRIS
"=""0794232825""",Not found in IRIS
"=""0784423578""",Not found in IRIS
"=""1746745409""",Not found in IRIS
"=""1703553872""",Not found in IRIS
"=""0795332151""",Not found in IRIS
"=""0794796382""",Not found in IRIS
"=""1725390260""",Not found in IRIS
"=""1738214321""",Not found in IRIS
"=""1830330000""",Not found in IRIS
"=""0768364234""",Not found in IRIS
"=""0783532749""",Not found in IRIS
"=""0779406349""",Not found in IRIS
"=""1703774777""",Not found in IRIS
"=""0798532086""",Not found in IRIS
"=""1745795638""",Not found in IRIS
"=""1726060173""",Not found in IRIS
"=""1705679550""",Not found in IRIS
"=""0784735577""",Not found in IRIS
"=""1737927089""",Not found in IRIS
"=""0781973395""",Not found in IRIS
"=""1732193016""",Not found in IRIS
"=""1708408420""",Not found in IRIS
"=""1714696622""",Not found in IRIS
"=""0784833789""",Not found in IRIS
"=""0794562146""",Not found in IRIS
"=""0782438587""",Not found in IRIS
"=""0778704932""",Not found in IRIS
"=""0783554598""",Not found in IRIS
"=""1705507275""",Not found in IRIS
"=""1707021872""",Not found in IRIS
"=""1716178575""",Not found in IRIS
"=""1704814095""",Not found in IRIS
"=""0793077297""",Not found in IRIS
"=""1731141472""",Not found in IRIS
"=""1830156368""",Not found in IRIS
"=""0793023945""",Not found in IRIS
"=""0788507719""",Not found in IRIS
"=""1736896928""",Not found in IRIS
"=""0783798482""",Not found in IRIS
"=""1734455627""",Not found in IRIS
"=""1702048260""",Not found in IRIS
"=""1702233574""",Not found in IRIS
"=""1725657113""",Not found in IRIS
"=""1729610151""",Not found in IRIS
"=""1729611127""",Not found in IRIS
"=""1830205315""",Not found in IRIS
"=""0795832340""",Not found in IRIS
"=""0785165728""",Not found in IRIS
"=""1723154062""",Not found in IRIS
"=""0796524591""",Not found in IRIS
"=""1713135968""",Not found in IRIS
"=""1723002405""",Not found in IRIS
"=""0779228225""",Not found in IRIS
"=""0779328185""",Not found in IRIS
"=""1724479158""",Not found in IRIS
"=""1724479128""",Not found in IRIS
"=""1724570016""",Not found in IRIS
"=""1746095253""",Not found in IRIS
"=""0778599748""",Not found in IRIS
"=""1748306521""",Not found in IRIS
"=""1734427749""",Not found in IRIS
"=""1703557909""",Not found in IRIS
"=""1732321786""",Not found in IRIS
"=""0797460605""",Not found in IRIS
"=""1748210156""",Not found in IRIS
"=""1702123409""",Not found in IRIS
"=""1732480863""",Not found in IRIS
"=""1734044376""",Not found in IRIS
"=""1713246767""",Not found in IRIS
"=""1733688196""",Not found in IRIS
"=""1705202354""",Not found in IRIS
"=""1737310223""",Not found in IRIS
"=""0782413491""",Not found in IRIS
"=""1723196662""",Not found in IRIS
"=""0786664660""",Not found in IRIS
"=""1702024601""",Not found in IRIS
"=""1723377219""",Not found in IRIS
"=""1703891014""",Not found in IRIS
"=""0777874018""",Not found in IRIS
"=""0794824627""",Not found in IRIS
"=""0784077827""",Not found in IRIS
"=""1717803669""",Not found in IRIS
"=""1736493503""",Not found in IRIS
"=""1714361858""",Not found in IRIS
"=""1728243708""",Not found in IRIS
"=""0796531720""",Not found in IRIS
"=""0795403569""",Not found in IRIS
"=""1715258468""",Not found in IRIS
"=""0798603419""",Not found in IRIS
"=""1734494218""",Not found in IRIS
"=""1704179339""",Not found in IRIS
"=""1737284194""",Not found in IRIS
"=""0777770697""",Not found in IRIS
"=""1728891117""",Not found in IRIS
"=""0792466755""",Not found in IRIS
"=""1724545046""",Not found in IRIS
"=""1716270608""",Not found in IRIS
"=""1830507170""",Not found in IRIS
"=""1707203053""",Not found in IRIS
"=""1739015230""",Not found in IRIS
"=""0786695984""",Not found in IRIS
"=""1707184333""",Not found in IRIS
"=""1734155761""",Not found in IRIS
"=""0783369382""",Not found in IRIS
"=""0787390864""",Not found in IRIS
"=""1737280250""",Not found in IRIS
"=""0793161509""",Not found in IRIS
"=""0797015456""",Not found in IRIS
"=""1733318554""",Not found in IRIS
"=""1737283330""",Not found in IRIS
"=""0794994725""",Not found in IRIS
"=""1735165533""",Not found in IRIS
"=""1747742267""",Not found in IRIS
"=""0785577068""",Not found in IRIS
"=""1707572863""",Not found in IRIS
"=""1745210404""",Not found in IRIS
"=""1704170042""",Not found in IRIS
"=""1830159686""",Not found in IRIS
"=""1713442991""",Not found in IRIS
"=""0785619928""",Not found in IRIS
"=""0788153351""",Not found in IRIS
"=""0797806180""",Not found in IRIS
"=""1747633497""",Not found in IRIS
"=""1737186956""",Not found in IRIS
"=""1745276462""",Not found in IRIS
"=""0793171287""",Not found in IRIS
"=""1733314261""",Not found in IRIS
"=""1725986212""",Not found in IRIS
"=""0793079802""",Not found in IRIS
"=""1737272935""",Not found in IRIS
"=""1747690481""",Not found in IRIS
"=""1724545205""",Not found in IRIS
"=""1727692724""",Not found in IRIS
"=""0777538047""",Not found in IRIS
"=""1734486614""",Not found in IRIS
"=""1716179614""",Not found in IRIS
"=""0782380678""",Not found in IRIS
"=""1707412051""",Not found in IRIS
"=""0793287181""",Not found in IRIS
"=""0778826466""",Not found in IRIS
"=""0783746361""",Not found in IRIS
"=""1746109464""",Not found in IRIS
"=""1725392868""",Not found in IRIS
"=""1739014231""",Not found in IRIS
"=""1707664088""",Not found in IRIS
"=""0777590842""",Not found in IRIS
"=""1707982807""",Not found in IRIS
"=""1716746669""",Not found in IRIS
"=""1733510278""",Not found in IRIS
"=""1734198915""",Not found in IRIS
"=""0788512991""",Not found in IRIS
"=""0783460320""",Not found in IRIS
"=""1725875543""",Not found in IRIS
"=""1703382698""",Not found in IRIS
"=""1706125323""",Not found in IRIS
"=""1717401721""",Not found in IRIS
"=""0794043207""",Not found in IRIS
"=""0792367081""",Not found in IRIS
"=""1734430833""",Not found in IRIS
"=""1723190289""",Not found in IRIS
"=""1732294371""",Not found in IRIS
"=""1704213012""",Not found in IRIS
"=""1735516323""",Not found in IRIS
"=""0783638766""",Not found in IRIS
"=""1726777160""",Not found in IRIS
"=""0783903355""",Not found in IRIS
"=""1707186300""",Not found in IRIS
"=""1747063325""",Not found in IRIS
"=""1729930794""",Not found in IRIS
"=""0778704939""",Not found in IRIS
"=""1734585786""",Not found in IRIS
"=""1721753421""",Not found in IRIS
"=""1733582245""",Not found in IRIS
"=""1725196887""",Not found in IRIS
"=""1713391545""",Not found in IRIS
"=""0778826212""",Not found in IRIS
"=""1707065545""",Not found in IRIS
"=""1726993944""",Not found in IRIS
"=""1734499189""",Not found in IRIS
"=""1723182709""",Not found in IRIS
"=""0774827630""",Not found in IRIS
"=""0779635502""",Not found in IRIS
"=""1717401844""",Not found in IRIS
"=""0793079872""",Not found in IRIS
"=""1732449292""",Not found in IRIS
"=""1739373895""",Not found in IRIS
"=""1713468650""",Not found in IRIS
"=""0798144128""",Not found in IRIS
"=""0787404742""",Not found in IRIS
"=""1707329222""",Not found in IRIS
"=""0777867816""",Not found in IRIS
"=""1703442235""",Not found in IRIS
"=""0793069950""",Not found in IRIS
"=""0788131942""",Not found in IRIS
"=""0778827103""",Not found in IRIS
"=""1736937164""",Not found in IRIS
"=""1723242792""",Not found in IRIS
"=""1717306644""",Not found in IRIS
"=""1726991134""",Not found in IRIS
"=""0774738758""",Not found in IRIS
"=""1707468567""",Not found in IRIS
"=""0796231331""",Not found in IRIS
"=""1732532826""",Not found in IRIS
"=""1703369348""",Not found in IRIS
"=""1718732260""",Not found in IRIS
"=""1830157205""",Not found in IRIS
"=""1712628909""",Not found in IRIS
"=""0788135924""",Not found in IRIS
"=""0778822693""",Not found in IRIS
"=""1732457035""",Not found in IRIS
"=""0795481606""",Not found in IRIS
"=""1703511525""",Not found in IRIS
"=""1733019346""",Not found in IRIS
"=""1705523118""",Not found in IRIS
"=""1714665496""",Not found in IRIS
"=""1717700718""",Not found in IRIS
"=""1737283029""",Not found in IRIS
"=""0793008024""",Not found in IRIS
"=""1713868253""",Not found in IRIS
"=""1731687285""",Not found in IRIS
"=""0785453868""",Not found in IRIS
"=""0758728321""",Not found in IRIS
"=""1705836588""",Not found in IRIS
"=""1830404234""",Not found in IRIS
"=""1733698761""",Not found in IRIS
"=""0782957297""",Not found in IRIS
"=""1702779329""",Not found in IRIS
"=""0777767407""",Not found in IRIS
"=""1703941615""",Not found in IRIS
"=""0783397645""",Not found in IRIS
"=""1748114122""",Not found in IRIS
"=""1746917949""",Not found in IRIS
"=""1702025051""",Not found in IRIS
"=""1746490756""",Not found in IRIS
"=""1702117389""",Not found in IRIS
"=""0783772476""",Not found in IRIS
"=""1738401779""",Not found in IRIS
"=""1705676742""",Not found in IRIS
"=""1703569162""",Not found in IRIS
"=""0791064701""",Not found in IRIS
"=""0794835562""",Not found in IRIS
"=""1721460804""",Not found in IRIS
"=""0785163796""",Not found in IRIS
"=""1724571131""",Not found in IRIS
"=""1724581978""",Not found in IRIS
"=""1723470878""",Not found in IRIS
"=""0792247369""",Not found in IRIS
"=""0794825636""",Not found in IRIS
"=""1713044484""",Not found in IRIS
"=""0777612728""",Not found in IRIS
"=""0784213727""",Not found in IRIS
"=""1722825872""",Not found in IRIS
"=""1731041281""",Not found in IRIS
"=""1735771834""",Not found in IRIS
"=""1707036364""",Not found in IRIS
"=""0778825207""",Not found in IRIS
"=""1732852461""",Not found in IRIS
"=""1726732406""",Not found in IRIS
"=""1722454023""",Not found in IRIS
"=""1727150803""",Not found in IRIS
"=""0788146024""",Not found in IRIS
"=""1727693715""",Not found in IRIS
"=""1726278849""",Not found in IRIS
"=""1704197460""",Not found in IRIS
"=""1707572855""",Not found in IRIS
"=""1705000539""",Not found in IRIS
"=""1714386815""",Not found in IRIS
"=""1707180365""",Not found in IRIS
"=""1708147867""",Not found in IRIS
"=""1723832075""",Not found in IRIS
"=""1702243708""",Not found in IRIS
"=""1705724748""",Not found in IRIS
"=""1728892078""",Not found in IRIS
"=""0783374813""",Not found in IRIS
"=""0788143290""",Not found in IRIS
"=""1727061472""",Not found in IRIS
"=""1713297002""",Not found in IRIS
"=""0787352167""",Not found in IRIS
"=""1746494097""",Not found in IRIS
"=""0779334300""",Not found in IRIS
"=""1738216171""",Not found in IRIS
"=""1729636029""",Not found in IRIS
"=""1717401631""",Not found in IRIS
"=""0792756950""",Not found in IRIS
"=""1732296297""",Not found in IRIS
"=""0782870365""",Not found in IRIS
"=""0779621418""",Not found in IRIS
"=""1716969615""",Not found in IRIS
"=""0792365191""",Not found in IRIS
"=""1706297582""",Not found in IRIS
"=""1745229845""",Not found in IRIS
"=""1736289416""",Not found in IRIS
"=""1704543799""",Not found in IRIS
"=""0792481806""",Not found in IRIS
"=""1731094025""",Not found in IRIS
"=""0759700244""",Not found in IRIS
"=""0758673847""",Not found in IRIS
"=""1704849523""",Not found in IRIS
"=""0778902716""",Not found in IRIS
"=""1705337776""",Not found in IRIS
"=""1707183363""",Not found in IRIS
"=""1722185828""",Not found in IRIS
"=""0788143590""",Not found in IRIS
"=""1704075876""",Not found in IRIS
"=""0793164236""",Not found in IRIS
"=""1702456908""",Not found in IRIS
"=""1707182331""",Not found in IRIS
"=""0792396195""",Not found in IRIS
"=""0774827733""",Not found in IRIS
"=""1723167340""",Not found in IRIS
"=""0786274856""",Not found in IRIS
"=""1728276191""",Not found in IRIS
"=""1715201873""",Not found in IRIS
"=""1712549649""",Not found in IRIS
"=""1715320269""",Not found in IRIS
"=""1747251471""",Not found in IRIS
"=""1707023830""",Not found in IRIS
"=""1704266230""",Not found in IRIS
"=""1706504760""",Not found in IRIS
"=""0778805360""",Not found in IRIS
"=""0783036758""",Not found in IRIS
"=""1723717668""",Not found in IRIS
"=""0777545491""",Not found in IRIS
"=""1732479237""",Not found in IRIS
"=""1703437906""",Not found in IRIS
"=""0793170297""",Not found in IRIS
"=""1739018801""",Not found in IRIS
"=""0794207902""",Not found in IRIS
"=""1727150412""",Not found in IRIS
"=""1702147790""",Not found in IRIS
"=""1708020060""",Not found in IRIS
"=""0783149096""",Not found in IRIS
"=""1713152961""",Not found in IRIS
"=""0786387917""",Not found in IRIS
"=""0794562822""",Not found in IRIS
"=""1732297019""",Not found in IRIS
"=""0792684058""",Not found in IRIS
"=""1732817520""",Not found in IRIS
"=""1705100166""",Not found in IRIS
"=""1703763211""",Not found in IRIS
"=""1707183738""",Not found in IRIS
"=""0788142261""",Not found in IRIS
"=""0787753186""",Not found in IRIS
"=""1705000697""",Not found in IRIS
"=""0787947488""",Not found in IRIS
"=""1728467784""",Not found in IRIS
"=""1735026800""",Not found in IRIS
"=""0788145416""",Not found in IRIS
"=""1706293777""",Not found in IRIS
"=""1735613163""",Not found in IRIS
"=""1830159765""",Not found in IRIS
"=""1712850071""",Not found in IRIS
"=""0787056087""",Not found in IRIS
"=""1737187752""",Not found in IRIS
"=""0788854987""",Not found in IRIS
"=""0792070877""",Not found in IRIS
"=""0787132061""",Not found in IRIS
"=""1830167050""",Not found in IRIS
"=""1707359846""",Not found in IRIS
"=""1707982573""",Not found in IRIS
"=""0783742180""",Not found in IRIS
"=""0794741883""",Not found in IRIS
"=""1725261697""",Not found in IRIS
"=""1706293983""",Not found in IRIS
"=""1723325850""",Not found in IRIS
"=""1704649806""",Not found in IRIS
"=""1705327201""",Not found in IRIS
"=""0783638807""",Not found in IRIS
"=""1732958761""",Not found in IRIS
"=""1734313293""",Not found in IRIS
"=""0783240552""",Not found in IRIS
"=""1725543574""",Not found in IRIS
"=""1734485923""",Not found in IRIS
"=""1724850235""",Not found in IRIS
"=""1704167039""",Not found in IRIS
"=""1733513404""",Not found in IRIS
"=""0768677350""",Not found in IRIS
"=""0783184576""",Not found in IRIS
"=""0783368973""",Not found in IRIS
"=""0774838878""",Not found in IRIS
"=""0788133991""",Not found in IRIS
"=""1732449428""",Not found in IRIS
"=""1731087790""",Not found in IRIS
"=""1716010967""",Not found in IRIS
"=""1745269589""",Not found in IRIS
"=""1737189675""",Not found in IRIS
"=""1737189743""",Not found in IRIS
"=""1707022543""",Not found in IRIS
"=""1747172559""",Not found in IRIS
"=""1738094602""",Not found in IRIS
"=""1705087995""",Not found in IRIS
"=""0786182934""",Not found in IRIS
"=""1714759391""",Not found in IRIS
"=""0768633485""",Not found in IRIS
"=""1703384653""",Not found in IRIS
"=""1705524843""",Not found in IRIS
"=""1733177040""",Not found in IRIS
"=""0795516609""",Not found in IRIS
"=""0777782614""",Not found in IRIS
"=""0792353998""",Not found in IRIS
"=""1830326414""",Not found in IRIS
"=""1732408935""",Not found in IRIS
"=""1732436856""",Not found in IRIS
"=""0787495564""",Not found in IRIS
"=""1725238163""",Not found in IRIS
"=""1732952996""",Not found in IRIS
"=""1747755656""",Not found in IRIS
"=""1725878374""",Not found in IRIS
"=""1724990886""",Not found in IRIS
"=""0785174087""",Not found in IRIS
"=""0782347001""",Not found in IRIS
"=""1723598507""",Not found in IRIS
"=""0797408215""",Not found in IRIS
"=""1737188907""",Not found in IRIS
"=""0778943585""",Not found in IRIS
"=""1729627694""",Not found in IRIS
"=""1830157029""",Not found in IRIS
"=""1747596408""",Not found in IRIS
"=""1707021431""",Not found in IRIS
"=""1739377758""",Not found in IRIS
"=""1707656704""",Not found in IRIS
"=""0779321459""",Not found in IRIS
"=""1729628290""",Not found in IRIS
"=""0792245995""",Not found in IRIS
"=""0784848421""",Not found in IRIS
"=""1721977838""",Not found in IRIS
"=""0783531753""",Not found in IRIS
"=""1747648940""",Not found in IRIS
"=""1721983629""",Not found in IRIS
"=""1706388363""",Not found in IRIS
"=""1732347302""",Not found in IRIS
"=""1727059544""",Not found in IRIS
"=""1712264174""",Not found in IRIS
"=""1747589791""",Not found in IRIS
"=""1725876482""",Not found in IRIS
"=""1728242891""",Not found in IRIS
"=""1745055296""",Not found in IRIS
"=""1703318067""",Not found in IRIS
"=""0792365370""",Not found in IRIS
"=""0783787721""",Not found in IRIS
"=""0768152032""",Not found in IRIS
"=""1725271040""",Not found in IRIS
"=""1732491328""",Not found in IRIS
"=""1830157820""",Not found in IRIS
"=""1745249594""",Not found in IRIS
"=""0795401643""",Not found in IRIS
"=""1739030658""",Not found in IRIS
"=""1713493966""",Not found in IRIS
"=""0795400463""",Not found in IRIS
"=""0787503216""",Not found in IRIS
"=""1712492494""",Not found in IRIS
"=""0792592601""",Not found in IRIS
"=""1734387047""",Not found in IRIS
"=""0798530028""",Not found in IRIS
"=""1747659266""",Not found in IRIS
"=""1739593921""",Not found in IRIS
"=""0795954462""",Not found in IRIS
"=""0788143477""",Not found in IRIS
"=""1726996595""",Not found in IRIS
"=""1712314982""",Not found in IRIS
"=""1729545517""",Not found in IRIS
"=""1746023736""",Not found in IRIS
"=""0794148177""",Not found in IRIS
"=""1714152047""",Not found in IRIS
"=""1703868452""",Not found in IRIS
"=""1703289970""",Not found in IRIS
"=""1717918973""",Not found in IRIS
"=""1747665598""",Not found in IRIS
"=""1727969668""",Not found in IRIS
"=""1707912678""",Not found in IRIS
"=""1726474136""",Not found in IRIS
"=""1726286588""",Not found in IRIS
"=""0779214795""",Not found in IRIS
"=""0779228561""",Not found in IRIS
"=""0794223346""",Not found in IRIS
"=""1724479086""",Not found in IRIS
"=""1724479037""",Not found in IRIS
"=""1724477058""",Not found in IRIS
"=""1724570283""",Not found in IRIS
"=""1724477151""",Not found in IRIS
"=""0794826207""",Not found in IRIS
"=""1745222467""",Not found in IRIS
"=""1705560392""",Not found in IRIS
"=""1737927280""",Not found in IRIS
"=""1703862489""",Not found in IRIS
"=""0758426939""",Not found in IRIS
"=""0758425468""",Not found in IRIS
"=""0794202555""",Not found in IRIS
"=""0768535777""",Not found in IRIS
"=""0796594375""",Not found in IRIS
"=""1705772982""",Not found in IRIS
"=""0795586380""",Not found in IRIS
"=""1735170635""",Not found in IRIS
"=""0798050512""",Not found in IRIS
"=""1731050357""",Not found in IRIS
"=""0758731839""",Not found in IRIS
"=""1757064948""",Not found in IRIS
"=""0774927702""",Not found in IRIS
"=""1705187206""",Not found in IRIS
"=""0778828049""",Not found in IRIS
"=""0794337632""",Not found in IRIS
"=""1745692078""",Not found in IRIS
"=""0778829149""",Not found in IRIS
"=""1830364619""",Not found in IRIS
"=""0797852913""",Not found in IRIS
"=""0778824313""",Not found in IRIS
"=""1705802644""",Not found in IRIS
"=""1728512016""",Not found in IRIS
"=""1704777201""",Not found in IRIS
"=""0788600597""",Not found in IRIS
"=""0786878154""",Not found in IRIS
"=""0758740472""",Not found in IRIS
"=""1725876001""",Not found in IRIS
"=""0778824727""",Not found in IRIS
"=""1704583392""",Not found in IRIS
"=""0795161316""",Not found in IRIS
"=""1715566855""",Not found in IRIS
"=""1726879513""",Not found in IRIS
"=""0768877072""",Not found in IRIS
"=""0793259476""",Not found in IRIS
"=""1714104029""",Not found in IRIS
"=""1713394384""",Not found in IRIS
"=""1744291958""",Not found in IRIS
"=""1739376866""",Not found in IRIS
"=""1707656969""",Not found in IRIS
"=""1737284159""",Not found in IRIS
"=""1737188764""",Not found in IRIS
"=""1707183549""",Not found in IRIS
"=""0795179668""",Not found in IRIS
"=""0782444648""",Not found in IRIS
"=""1712345309""",Not found in IRIS
"=""0792164847""",Not found in IRIS
"=""0782289872""",Not found in IRIS
"=""0797034756""",Not found in IRIS
"=""1707182458""",Not found in IRIS
"=""1745248785""",Not found in IRIS
"=""1737791355""",Not found in IRIS
"=""0792583373""",Not found in IRIS
"=""1707570708""",Not found in IRIS
"=""1703393185""",Not found in IRIS
"=""1732316068""",Not found in IRIS
"=""0783688190""",Not found in IRIS
"=""0792366385""",Not found in IRIS
"=""0793079021""",Not found in IRIS
"=""1714799741""",Not found in IRIS
"=""1725936186""",Not found in IRIS
"=""1727228728""",Not found in IRIS
"=""1728378881""",Not found in IRIS
"=""1705522581""",Not found in IRIS
"=""1713171169""",Not found in IRIS
"=""1830238128""",Not found in IRIS
"=""0784633710""",Not found in IRIS
"=""1830405079""",Not found in IRIS
"=""0791170164""",Not found in IRIS
"=""0781969917""",Not found in IRIS
"=""0797686090""",Not found in IRIS
"=""0795968417""",Not found in IRIS
"=""0783242982""",Not found in IRIS
"=""0788813720""",Not found in IRIS
"=""1707358662""",Not found in IRIS
"=""0782868774""",Not found in IRIS
"=""1734602148""",Not found in IRIS
"=""1705836722""",Not found in IRIS
"=""1704802789""",Not found in IRIS
"=""0794938125""",Not found in IRIS
"=""1702016646""",Not found in IRIS
"=""1729922924""",Not found in IRIS
"=""1707399650""",Not found in IRIS
"=""1729417010""",Not found in IRIS
"=""1725878751""",Not found in IRIS
"=""1705606329""",Not found in IRIS
"=""1734746981""",Not found in IRIS
"=""0784733009""",Not found in IRIS
"=""1732255970""",Not found in IRIS
"=""1706534280""",Not found in IRIS
"=""0792841188""",Not found in IRIS
"=""0794116095""",Not found in IRIS
"=""0794934768""",Not found in IRIS
"=""0792481824""",Not found in IRIS
"=""0794143288""",Not found in IRIS
"=""1704554088""",Not found in IRIS
"=""1747057138""",Not found in IRIS
"=""0795853233""",Not found in IRIS
"=""0783940346""",Not found in IRIS
"=""1705744453""",Not found in IRIS
"=""1727250630""",Not found in IRIS
"=""1716593231""",Not found in IRIS
"=""1704686318""",Not found in IRIS
"=""0792666801""",Not found in IRIS
"=""0783264656""",Not found in IRIS
"=""0794845136""",Not found in IRIS
"=""0793283640""",Not found in IRIS
"=""0788141204""",Not found in IRIS
"=""1717508077""",Not found in IRIS
"=""0786164572""",Not found in IRIS
"=""1735496692""",Not found in IRIS
"=""1725878563""",Not found in IRIS
"=""1735420173""",Not found in IRIS
"=""0793766058""",Not found in IRIS
"=""1739386062""",Not found in IRIS
"=""0782418225""",Not found in IRIS
"=""1706468597""",Not found in IRIS
"=""1707184527""",Not found in IRIS
"=""1830159581""",Not found in IRIS
"=""0793383018""",Not found in IRIS
"=""1723528165""",Not found in IRIS
"=""0795172530""",Not found in IRIS
"=""1725878671""",Not found in IRIS
"=""1738318911""",Not found in IRIS
"=""1724987665""",Not found in IRIS
"=""1830504745""",Not found in IRIS
"=""1747052016""",Not found in IRIS
"=""1707883655""",Not found in IRIS
"=""1714054868""",Not found in IRIS
"=""1747280501""",Not found in IRIS
"=""1707185571""",Not found in IRIS
"=""0793257378""",Not found in IRIS
"=""1706298648""",Not found in IRIS
"=""1707181333""",Not found in IRIS
"=""1702848716""",Not found in IRIS
"=""1713376480""",Not found in IRIS
"=""0792096858""",Not found in IRIS
"=""1704718958""",Not found in IRIS
"=""1707281915""",Not found in IRIS
"=""1714010580""",Not found in IRIS
"=""0788973663""",Not found in IRIS
"=""0788141477""",Not found in IRIS
"=""1703842665""",Not found in IRIS
"=""1704953365""",Not found in IRIS
"=""0782431434""",Not found in IRIS
"=""1728024632""",Not found in IRIS
"=""1726564270""",Not found in IRIS
"=""1718817013""",Not found in IRIS
"=""1723348899""",Not found in IRIS
"=""1713549289""",Not found in IRIS
"=""0788210379""",Not found in IRIS
"=""0787535834""",Not found in IRIS
"=""1714637428""",Not found in IRIS
"=""0777487725""",Not found in IRIS
"=""1738327114""",Not found in IRIS
"=""1728487431""",Not found in IRIS
"=""0774928721""",Not found in IRIS
"=""1708444144""",Not found in IRIS
"=""1707181869""",Not found in IRIS
"=""0778881058""",Not found in IRIS
"=""0768525821""",Not found in IRIS
"=""1706509316""",Not found in IRIS
"=""1723255716""",Not found in IRIS
"=""1705261733""",Not found in IRIS
"=""1727459408""",Not found in IRIS
"=""1702230364""",Not found in IRIS
"=""1733704958""",Not found in IRIS
"=""1714541530""",Not found in IRIS
"=""1725311903""",Not found in IRIS
"=""1725165781""",Not found in IRIS
"=""0792275342""",Not found in IRIS
"=""1747164878""",Not found in IRIS
"=""0788855956""",Not found in IRIS
"=""1707034006""",Not found in IRIS
"=""1727082843""",Not found in IRIS
"=""1733317557""",Not found in IRIS
"=""1737189392""",Not found in IRIS
"=""0793162862""",Not found in IRIS
"=""0788146342""",Not found in IRIS
"=""1729828476""",Not found in IRIS
"=""1707202074""",Not found in IRIS
"=""0778716083""",Not found in IRIS
"=""1732297246""",Not found in IRIS
"=""0778443522""",Not found in IRIS
"=""1726919302""",Not found in IRIS
"=""1715050765""",Not found in IRIS
"=""1735227957""",Not found in IRIS
"=""1739113056""",Not found in IRIS
"=""0779623938""",Not found in IRIS
"=""0778825516""",Not found in IRIS
"=""1703292124""",Not found in IRIS
"=""0778829723""",Not found in IRIS
"=""1738617176""",Not found in IRIS
"=""1716599752""",Not found in IRIS
"=""0787546093""",Not found in IRIS
"=""1707182506""",Not found in IRIS
"=""0795388982""",Not found in IRIS
"=""1723725368""",Not found in IRIS
"=""0787549313""",Not found in IRIS
"=""1731382154""",Not found in IRIS
"=""1703003062""",Not found in IRIS
"=""1703869402""",Not found in IRIS
"=""1737124609""",Not found in IRIS
"=""1714398057""",Not found in IRIS
"=""0774827847""",Not found in IRIS
"=""0782244699""",Not found in IRIS
"=""0794541711""",Not found in IRIS
"=""1704038526""",Not found in IRIS
"=""1723470095""",Not found in IRIS
"=""1732488459""",Not found in IRIS
"=""0797806116""",Not found in IRIS
"=""1701494355""",Not found in IRIS
"=""1714363943""",Not found in IRIS
"=""1716418512""",Not found in IRIS
"=""1703875954""",Not found in IRIS
"=""1747223588""",Not found in IRIS
"=""1713177709""",Not found in IRIS
"=""1713177850""",Not found in IRIS
"=""1714246144""",Not found in IRIS
"=""0782762594""",Not found in IRIS
"=""1747124920""",Not found in IRIS
"=""0794937185""",Not found in IRIS
"=""1820924156""",Not found in IRIS
"=""1734603351""",Not found in IRIS
"=""1705798554""",Not found in IRIS
"=""0793278424""",Not found in IRIS
"=""1736681501""",Not found in IRIS
"=""0777861971""",Not found in IRIS
"=""1732447524""",Not found in IRIS
"=""0794126638""",Not found in IRIS
"=""0784786489""",Not found in IRIS
"=""0774526335""",Not found in IRIS
"=""0794140396""",Not found in IRIS
"=""1747666934""",Not found in IRIS
"=""1703653323""",Not found in IRIS
"=""""",Not found in IRIS
"=""1724570076""",Not found in IRIS
"=""1724571134""",Not found in IRIS
"=""1702026005""",Not found in IRIS
"=""1713134945""",Not found in IRIS
"=""1746160054""",Not found in IRIS
"=""0784722677""",Not found in IRIS
"=""0784725423""",Not found in IRIS
"=""1830202204""",Not found in IRIS
"=""1723389822""",Not found in IRIS
"=""1704309945""",Not found in IRIS
"=""1713170449""",Not found in IRIS
"=""0758728314""",Not found in IRIS
"=""0758728245""",Not found in IRIS
"=""1726809908""",Not found in IRIS
"=""1739374798""",Not found in IRIS
"=""0793766971""",Not found in IRIS
"=""1736539068""",Not found in IRIS
"=""1723181898""",Not found in IRIS
"=""0788132950""",Not found in IRIS
"=""1830156553""",Not found in IRIS
"=""1707036331""",Not found in IRIS
"=""0798427623""",Not found in IRIS
"=""0786651952""",Not found in IRIS
"=""1704192470""",Not found in IRIS
"=""1735021995""",Not found in IRIS
"=""1732220925""",Not found in IRIS
"=""1703696239""",Not found in IRIS
"=""0792654630""",Not found in IRIS
"=""1725878143""",Not found in IRIS
"=""1718732105""",Not found in IRIS
"=""1707180880""",Not found in IRIS
"=""0792757902""",Not found in IRIS
"=""0796792677""",Not found in IRIS
"=""1736112557""",Not found in IRIS
"=""1704056577""",Not found in IRIS
"=""1712341374""",Not found in IRIS
"=""1722823579""",Not found in IRIS
"=""1707185694""",Not found in IRIS
"=""0797840205""",Not found in IRIS
"=""1712432982""",Not found in IRIS
"=""1725877091""",Not found in IRIS
"=""0796945483""",Not found in IRIS
"=""0778706982""",Not found in IRIS
"=""1703684419""",Not found in IRIS
"=""0777874229""",Not found in IRIS
"=""1703764280""",Not found in IRIS
"=""0768152114""",Not found in IRIS
"=""1729637232""",Not found in IRIS
"=""1705928691""",Not found in IRIS
"=""0777841650""",Not found in IRIS
"=""1747642196""",Not found in IRIS
"=""0783912575""",Not found in IRIS
"=""1735097937""",Not found in IRIS
"=""1724891882""",Not found in IRIS
"=""1718206671""",Not found in IRIS
"=""0779610969""",Not found in IRIS
"=""1746251261""",Not found in IRIS
"=""1738326494""",Not found in IRIS
"=""1707326191""",Not found in IRIS
"=""1707393488""",Not found in IRIS
"=""1703293104""",Not found in IRIS
"=""1707491345""",Not found in IRIS
"=""1726992124""",Not found in IRIS
"=""1708307086""",Not found in IRIS
"=""1732449855""",Not found in IRIS
"=""1705054591""",Not found in IRIS
"=""0793477212""",Not found in IRIS
"=""0786300061""",Not found in IRIS
"=""0797959897""",Not found in IRIS
"=""1713484359""",Not found in IRIS
"=""1713373957""",Not found in IRIS
"=""1707185592""",Not found in IRIS
"=""1747350064""",Not found in IRIS
"=""1737487035""",Not found in IRIS
"=""0779422743""",Not found in IRIS
"=""1734580164""",Not found in IRIS
"=""1735785984""",Not found in IRIS
"=""1723399536""",Not found in IRIS
"=""1703382783""",Not found in IRIS
"=""1705609354""",Not found in IRIS
"=""1717999292""",Not found in IRIS
"=""1703765313""",Not found in IRIS
"=""0788914407""",Not found in IRIS
"=""0768431808""",Not found in IRIS
"=""0792362111""",Not found in IRIS
"=""1732071808""",Not found in IRIS
"=""0794977037""",Not found in IRIS
"=""0782692344""",Not found in IRIS
"=""0788146148""",Not found in IRIS
"=""0798144309""",Not found in IRIS
"=""1726991075""",Not found in IRIS
"=""1739035779""",Not found in IRIS
"=""1732133268""",Not found in IRIS
"=""1717308779""",Not found in IRIS
"=""0778712400""",Not found in IRIS
"=""1704019297""",Not found in IRIS
"=""1725877330""",Not found in IRIS
"=""1739472918""",Not found in IRIS
"=""1738069092""",Not found in IRIS
"=""1707330540""",Not found in IRIS
"=""1707180670""",Not found in IRIS
"=""1706171389""",Not found in IRIS
"=""0778825550""",Not found in IRIS
"=""0792245349""",Not found in IRIS
"=""0785456829""",Not found in IRIS
"=""1830159861""",Not found in IRIS
"=""1739188632""",Not found in IRIS
"=""0787900077""",Not found in IRIS
"=""1713153945""",Not found in IRIS
"=""1703760380""",Not found in IRIS
"=""1739041449""",Not found in IRIS
"=""1707032015""",Not found in IRIS
"=""0792486937""",Not found in IRIS
"=""1707886721""",Not found in IRIS
"=""1722454083""",Not found in IRIS
"=""1712345146""",Not found in IRIS
"=""1733213552""",Not found in IRIS
"=""1707399719""",Not found in IRIS
"=""0794694464""",Not found in IRIS
"=""1707072666""",Not found in IRIS
"=""0794967924""",Not found in IRIS
"=""1731466700""",Not found in IRIS
"=""0774837045""",Not found in IRIS
"=""1705473029""",Not found in IRIS
"=""0794232074""",Not found in IRIS
"=""1731085186""",Not found in IRIS
"=""1830157622""",Not found in IRIS
"=""0782457218""",Not found in IRIS
"=""1723539481""",Not found in IRIS
"=""0792381194""",Not found in IRIS
"=""1718730286""",Not found in IRIS
"=""0792840253""",Not found in IRIS
"=""1732515515""",Not found in IRIS
"=""1728211205""",Not found in IRIS
"=""1732284890""",Not found in IRIS
"=""1703462856""",Not found in IRIS
"=""1707541707""",Not found in IRIS
"=""0778828562""",Not found in IRIS
"=""0798520621""",Not found in IRIS
"=""1717202305""",Not found in IRIS
"=""1737204754""",Not found in IRIS
"=""1713488099""",Not found in IRIS
"=""1707398922""",Not found in IRIS
"=""0797209905""",Not found in IRIS
"=""1717307842""",Not found in IRIS
"=""0786373458""",Not found in IRIS
"=""0782340501""",Not found in IRIS
"=""1731296808""",Not found in IRIS
"=""1707186491""",Not found in IRIS
"=""1737006545""",Not found in IRIS
"=""0792356841""",Not found in IRIS
"=""0758672060""",Not found in IRIS
"=""1702528124""",Not found in IRIS
"=""0786734605""",Not found in IRIS
"=""1707981427""",Not found in IRIS
"=""1732868349""",Not found in IRIS
"=""1748529126""",Not found in IRIS
"=""0788145222""",Not found in IRIS
"=""1703705688""",Not found in IRIS
"=""1704196460""",Not found in IRIS
"=""0788811740""",Not found in IRIS
"=""0774527092""",Not found in IRIS
"=""1731774737""",Not found in IRIS
"=""0793005077""",Not found in IRIS
"=""1721899247""",Not found in IRIS
"=""1713246966""",Not found in IRIS
"=""0788654685""",Not found in IRIS
"=""0779541317""",Not found in IRIS
"=""1727229681""",Not found in IRIS
"=""""",Not found in IRIS
"=""""",Not found in IRIS
"=""1723810123""",Not found in IRIS
"=""1722939573""",Not found in IRIS
"=""0792841961""",Not found in IRIS
"=""1713071373""",Not found in IRIS
"=""1723906970""",Not found in IRIS
"=""1707181670""",Not found in IRIS
"=""0778829330""",Not found in IRIS
"=""0796350161""",Not found in IRIS
"=""1703498033""",Not found in IRIS
"=""0785989900""",Not found in IRIS
"=""0784008560""",Not found in IRIS
"=""0778934278""",Not found in IRIS
"=""1704262425""",Not found in IRIS
"=""0788145245""",Not found in IRIS
"=""0786598740""",Not found in IRIS
"=""1707884941""",Not found in IRIS
"=""1707490557""",Not found in IRIS
"=""0794841784""",Not found in IRIS
"=""1735615149""",Not found in IRIS
"=""1737188547""",Not found in IRIS
"=""0778828800""",Not found in IRIS
"=""1734487401""",Not found in IRIS
"=""1736912678""",Not found in IRIS
"=""1723358240""",Not found in IRIS
"=""0798140416""",Not found in IRIS
"=""0795172031""",Not found in IRIS
"=""1735011431""",Not found in IRIS
"=""0758548555""",Not found in IRIS
"=""1717081896""",Not found in IRIS
"=""0778827550""",Not found in IRIS
"=""0798429884""",Not found in IRIS
"=""1728825093""",Not found in IRIS
"=""1707398769""",Not found in IRIS
"=""0782978648""",Not found in IRIS
"=""1747729620""",Not found in IRIS
"=""0793441504""",Not found in IRIS
"=""1713046282""",Not found in IRIS
"=""1737359038""",Not found in IRIS
"=""0758731874""",Not found in IRIS
"=""1703858065""",Not found in IRIS
"=""0774513472""",Not found in IRIS
"=""0792894645""",Not found in IRIS
"=""0786992928""",Not found in IRIS
"=""1702619445""",Not found in IRIS
"=""1735292671""",Not found in IRIS
"=""1703742548""",Not found in IRIS
"=""0795692274""",Not found in IRIS
"=""1714150897""",Not found in IRIS
"=""1702473118""",Not found in IRIS
"=""0798315895""",Not found in IRIS
"=""1722056601""",Not found in IRIS
"=""0797411482""",Not found in IRIS
"=""0797411790""",Not found in IRIS
"=""0794107822""",Not found in IRIS
"=""1713242663""",Not found in IRIS
"=""0777904846""",Not found in IRIS
"=""1713098588""",Not found in IRIS
"=""1713170842""",Not found in IRIS
"=""1705403432""",Not found in IRIS
"=""1734520890""",Not found in IRIS
"=""1736055742""",Not found in IRIS
"=""1728181952""",Not found in IRIS
"=""1714022638""",Not found in IRIS
"=""1724571147""",Not found in IRIS
"=""1724570200""",Not found in IRIS
"=""0784416396""",Not found in IRIS
"=""1723062641""",Not found in IRIS
"=""0787059227""",Not found in IRIS
"=""1728542160""",Not found in IRIS
"=""1734758074""",Not found in IRIS
"=""1702011315""",Not found in IRIS
"=""1702125164""",Not found in IRIS
"=""1701683967""",Not found in IRIS
"=""1704093006""",Not found in IRIS
"=""1748307671""",Not found in IRIS
"=""1736879438""",Not found in IRIS
"=""1713866285""",Not found in IRIS
"=""0792247199""",Not found in IRIS
"=""0782934153""",Not found in IRIS
"=""1704696121""",Not found in IRIS
"=""1704696123""",Not found in IRIS
"=""0769319023""",Not found in IRIS
"=""0797423450""",Not found in IRIS
"=""0797173647""",Not found in IRIS
"=""1732300557""",Not found in IRIS
"=""1725102396""",Not found in IRIS
"=""1725103405""",Not found in IRIS
"=""1722067103""",Not found in IRIS
"=""1704778810""",Not found in IRIS
"=""1737772130""",Not found in IRIS
"=""1748227779""",Not found in IRIS
"=""1748212787""",Not found in IRIS
"=""0768663438""",Not found in IRIS
"=""1724391568""",Not found in IRIS
"=""1704804453""",Not found in IRIS
"=""0793640575""",Not found in IRIS
"=""0773972988""",Not found in IRIS
"=""1731382393""",Not found in IRIS
"=""1747005450""",Not found in IRIS
"=""1721497166""",Not found in IRIS
"=""1736795439""",Not found in IRIS
"=""1706261369""",Not found in IRIS
"=""0793675167""",Not found in IRIS
"=""0788329354""",Not found in IRIS
"=""0794725147""",Not found in IRIS
"=""1714197266""",Not found in IRIS
"=""0758923343""",Not found in IRIS
"=""0758924015""",Not found in IRIS
"=""0758924037""",Not found in IRIS
"=""0794621325""",Not found in IRIS
"=""0786387668""",Not found in IRIS
"=""1704092185""",Not found in IRIS
"=""1701798143""",Not found in IRIS
"=""0786991969""",Not found in IRIS
"=""0797411597""",Not found in IRIS
"=""1713343976""",Not found in IRIS
"=""0792330876""",Not found in IRIS
"=""0792154012""",Not found in IRIS
"=""0792143879""",Not found in IRIS
"=""1704991637""",Not found in IRIS
"=""0794655834""",Not found in IRIS
"=""1747460512""",Not found in IRIS
"=""0768895032""",Not found in IRIS
"=""1701497855""",Not found in IRIS
"=""1731564564""",Not found in IRIS
"=""1722077758""",Not found in IRIS
"=""1703684170""",Not found in IRIS
"=""1705666762""",Not found in IRIS
"=""1724072089""",Not found in IRIS
"=""1704511562""",Not found in IRIS
"=""""",Not found in IRIS
"=""1703858133""",Not found in IRIS
"=""1736331366""",Not found in IRIS
"=""0794612487""",Not found in IRIS
"=""0779211359""",Not found in IRIS
"=""1729203145""",Not found in IRIS
"=""1713943716""",Not found in IRIS
"=""0794723776""",Not found in IRIS
"=""1715019014""",Not found in IRIS
"=""1712641674""",Not found in IRIS
"=""1704477845""",Not found in IRIS
"=""0797091670""",Not found in IRIS
"=""1704516577""",Not found in IRIS
"=""0784416474""",Not found in IRIS
"=""0759828287""",Not found in IRIS
"=""0759828311""",Not found in IRIS
"=""1703351684""",Not found in IRIS
"=""1731297807""",Not found in IRIS
"=""1704577451""",Not found in IRIS
"=""1715640573""",Not found in IRIS
"=""1704240677""",Not found in IRIS
"=""1706419197""",Not found in IRIS
"=""1703742644""",Not found in IRIS
"=""1728913415""",Not found in IRIS
"=""1736893753""",Not found in IRIS
"=""0795839731""",Not found in IRIS
"=""1733674502""",Not found in IRIS
"=""1712043102""",Not found in IRIS
"=""1712043164""",Not found in IRIS
"=""0784404787""",Not found in IRIS
"=""0784404885""",Not found in IRIS
"=""1725820468""",Not found in IRIS
"=""0793666824""",Not found in IRIS
"=""0783353210""",Not found in IRIS
"=""1721498393""",Not found in IRIS
"=""1747537844""",Not found in IRIS
"=""0788327541""",Not found in IRIS
"=""0792244945""",Not found in IRIS
"=""1747370026""",Not found in IRIS
"=""1703388229""",Not found in IRIS
"=""1703570280""",Not found in IRIS
"=""1722789099""",Not found in IRIS
"=""1703533907""",Not found in IRIS
"=""1717773674""",Not found in IRIS
"=""0785745412""",Not found in IRIS
"=""0792154039""",Not found in IRIS
"=""1722059512""",Not found in IRIS
"=""1733113465""",Not found in IRIS
"=""0782976113""",Not found in IRIS
"=""1727175174""",Not found in IRIS
"=""1702823564""",Not found in IRIS
"=""0786254897""",Not found in IRIS
"=""0758541500""",Not found in IRIS
"=""1738129852""",Not found in IRIS
"=""0795288571""",Not found in IRIS
"=""1715434026""",Not found in IRIS
"=""1715437375""",Not found in IRIS
"=""1726164038""",Not found in IRIS
"=""1704696137""",Not found in IRIS
"=""0787162162""",Not found in IRIS
"=""0769012754""",Not found in IRIS
"=""1738139070""",Not found in IRIS
"=""1703435704""",Not found in IRIS
"=""1703468401""",Not found in IRIS
"=""0779210177""",Not found in IRIS
"=""0785879888""",Not found in IRIS
"=""1731586238""",Not found in IRIS
"=""0796622096""",Not found in IRIS
"=""0782871478""",Not found in IRIS
"=""0782774620""",Not found in IRIS
"=""0796839848""",Not found in IRIS
"=""0786387720""",Not found in IRIS
"=""1727048003""",Not found in IRIS
"=""1704262113""",Not found in IRIS
"=""1713077222""",Not found in IRIS
"=""0779210391""",Not found in IRIS
"=""0768445641""",Not found in IRIS
"=""1714141620""",Not found in IRIS
"=""1713381326""",Not found in IRIS
"=""0794297494""",Not found in IRIS
"=""1704108072""",Not found in IRIS
"=""1702260973""",Not found in IRIS
"=""1718213912""",Not found in IRIS
"=""1747007982""",Not found in IRIS
"=""1747006498""",Not found in IRIS
"=""1713060434""",Not found in IRIS
"=""1703570622""",Not found in IRIS
"=""1736780868""",Not found in IRIS
"=""1736880965""",Not found in IRIS
"=""0758924160""",Not found in IRIS
"=""0793667754""",Not found in IRIS
"=""0783843581""",Not found in IRIS
"=""0783453674""",Not found in IRIS
"=""0783341754""",Not found in IRIS
"=""1703734275""",Not found in IRIS
"=""0784216428""",Not found in IRIS
"=""0777973579""",Not found in IRIS
"=""1702011741""",Not found in IRIS
"=""1702026589""",Not found in IRIS
"=""0778956777""",Not found in IRIS
"=""0778958228""",Not found in IRIS
"=""1715023641""",Not found in IRIS
"=""1703976036""",Not found in IRIS
"=""1703446541""",Not found in IRIS
"=""1704991503""",Not found in IRIS
"=""1704991530""",Not found in IRIS
"=""1747159578""",Not found in IRIS
"=""0796568671""",Not found in IRIS
"=""0779212471""",Not found in IRIS
"=""1716884924""",Not found in IRIS
"=""1726819003""",Not found in IRIS
"=""1704695364""",Not found in IRIS
"=""1733598780""",Not found in IRIS
"=""1703888565""",Not found in IRIS
"=""1725861220""",Not found in IRIS
"=""1713818656""",Not found in IRIS
"=""1722681468""",Not found in IRIS
"=""0797369754""",Not found in IRIS
"=""0782468736""",Not found in IRIS
"=""1715436016""",Not found in IRIS
"=""1715436218""",Not found in IRIS
"=""0758553089""",Not found in IRIS
"=""0784091328""",Not found in IRIS
"=""1727465796""",Not found in IRIS
"=""1703635803""",Not found in IRIS
"=""1704626650""",Not found in IRIS
"=""1729201170""",Not found in IRIS
"=""1704996706""",Not found in IRIS
"=""1830501583""",Not found in IRIS
"=""1704013536""",Not found in IRIS
"=""1734503547""",Not found in IRIS
"=""0768814137""",Not found in IRIS
"=""0794853565""",Not found in IRIS
"=""0794104962""",Not found in IRIS
"=""0772964871""",Not found in IRIS
"=""0782775656""",Not found in IRIS
"=""1736687694""",Not found in IRIS
"=""1732831101""",Not found in IRIS
"=""0797178110""",Not found in IRIS
"=""1725301073""",Not found in IRIS
"=""1731588234""",Not found in IRIS
"=""1704984441""",Not found in IRIS
"=""0795329531""",Not found in IRIS
"=""1704984517""",Not found in IRIS
"=""1715695393""",Not found in IRIS
"=""1703352643""",Not found in IRIS
"=""0793673092""",Not found in IRIS
"=""1738129840""",Not found in IRIS
"=""1703468308""",Not found in IRIS
"=""1734175077""",Not found in IRIS
"=""1734545103""",Not found in IRIS
"=""0792787227""",Not found in IRIS
"=""0792685298""",Not found in IRIS
"=""1718218462""",Not found in IRIS
"=""1704517771""",Not found in IRIS
"=""1704516698""",Not found in IRIS
"=""1737824719""",Not found in IRIS
"=""1748212725""",Not found in IRIS
"=""0793976952""",Not found in IRIS
"=""0793537015""",Not found in IRIS
"=""0797424440""",Not found in IRIS
"=""1722864835""",Not found in IRIS
"=""1722878160""",Not found in IRIS
"=""1722970130""",Not found in IRIS
"=""1722387810""",Not found in IRIS
"=""0768863323""",Not found in IRIS
"=""0794853683""",Not found in IRIS
"=""1713472755""",Not found in IRIS
"=""1703199201""",Not found in IRIS
"=""1704561440""",Not found in IRIS
"=""0796613719""",Not found in IRIS
"=""1705695889""",Not found in IRIS
"=""1748134138""",Not found in IRIS
"=""1748134048""",Not found in IRIS
"=""1705666788""",Not found in IRIS
"=""0794545718""",Not found in IRIS
"=""0797683503""",Not found in IRIS
"=""0786991988""",Not found in IRIS
"=""0797329745""",Not found in IRIS
"=""1702933825""",Not found in IRIS
"=""1713340893""",Not found in IRIS
"=""0797682670""",Not found in IRIS
"=""1704991600""",Not found in IRIS
"=""0794919586""",Not found in IRIS
"=""1712042028""",Not found in IRIS
"=""1712042160""",Not found in IRIS
"=""1745792166""",Not found in IRIS
"=""0792043007""",Not found in IRIS
"=""1731763214""",Not found in IRIS
"=""1704991501""",Not found in IRIS
"=""1704199400""",Not found in IRIS
"=""0768726323""",Not found in IRIS
"=""1722877012""",Not found in IRIS
"=""1703965273""",Not found in IRIS
"=""1703964241""",Not found in IRIS
"=""0787901040""",Not found in IRIS
"=""1722555761""",Not found in IRIS
"=""1703282709""",Not found in IRIS
"=""1712043123""",Not found in IRIS
"=""1713254662""",Not found in IRIS
"=""0782838284""",Not found in IRIS
"=""0792311310""",Not found in IRIS
"=""0795328258""",Not found in IRIS
"=""0784101260""",Not found in IRIS
"=""0793576259""",Not found in IRIS
"=""1715176384""",Not found in IRIS
"=""0794830910""",Not found in IRIS
"=""0794840053""",Not found in IRIS
"=""0785275663""",Not found in IRIS
"=""0792037465""",Not found in IRIS
"=""1702540913""",Not found in IRIS
"=""1704478728""",Not found in IRIS
"=""1704478800""",Not found in IRIS
"=""1738129875""",Not found in IRIS
"=""1704857285""",Not found in IRIS
"=""0784091195""",Not found in IRIS
"=""1703194198""",Not found in IRIS
"=""0782674601""",Not found in IRIS
"=""0772987788""",Not found in IRIS
"=""0782778451""",Not found in IRIS
"=""0794759197""",Not found in IRIS
"=""0783111593""",Not found in IRIS
"=""1727075196""",Not found in IRIS
"=""0786254853""",Not found in IRIS
"=""1704802530""",Not found in IRIS
"=""1703427183""",Not found in IRIS
"=""0794115021""",Not found in IRIS
"=""0794104309""",Not found in IRIS
"=""1747937868""",Not found in IRIS
"=""0783482081""",Not found in IRIS
"=""0787503646""",Not found in IRIS
"=""1727131954""",Not found in IRIS
"=""0795554030""",Not found in IRIS
"=""0783747936""",Not found in IRIS
"=""0787169209""",Not found in IRIS
"=""1713382303""",Not found in IRIS
"=""1722534211""",Not found in IRIS
"=""0794889063""",Not found in IRIS
"=""1748226345""",Not found in IRIS
"=""1748226882""",Not found in IRIS
"=""1748215728""",Not found in IRIS
"=""1748211757""",Not found in IRIS
"=""1704149742""",Not found in IRIS
"=""0758923333""",Not found in IRIS
"=""0758912936""",Not found in IRIS
"=""0758923093""",Not found in IRIS
"=""0758924048""",Not found in IRIS
"=""1718224030""",Not found in IRIS
"=""0786433387""",Not found in IRIS
"=""1736150252""",Not found in IRIS
"=""0795347709""",Not found in IRIS
"=""1726501848""",Not found in IRIS
"=""0795543990""",Not found in IRIS
"=""1703097697""",Not found in IRIS
"=""0793638744""",Not found in IRIS
"=""1724060923""",Not found in IRIS
"=""0784724830""",Not found in IRIS
"=""0784743650""",Not found in IRIS
"=""1747573134""",Not found in IRIS
"=""1704783424""",Not found in IRIS
"=""1747991118""",Not found in IRIS
"=""1702217999""",Not found in IRIS
"=""0797263947""",Not found in IRIS
"=""1715424804""",Not found in IRIS
"=""1715425824""",Not found in IRIS
"=""0777907601""",Not found in IRIS
"=""0794545772""",Not found in IRIS
"=""0782390799""",Not found in IRIS
"=""1722780311""",Not found in IRIS
"=""1725301003""",Not found in IRIS
"=""1725103505""",Not found in IRIS
"=""0793575071""",Not found in IRIS
"=""1704902245""",Not found in IRIS
"=""0777694473""",Not found in IRIS
"=""0758924246""",Not found in IRIS
"=""0758923380""",Not found in IRIS
"=""0758924185""",Not found in IRIS
"=""1704083924""",Not found in IRIS
"=""0794210343""",Not found in IRIS
"=""0794211308""",Not found in IRIS
"=""0797700292""",Not found in IRIS
"=""1747300221""",Not found in IRIS
"=""1723832773""",Not found in IRIS
"=""0758554072""",Not found in IRIS
"=""0769313210""",Not found in IRIS
"=""0769401736""",Not found in IRIS
"=""0788050471""",Not found in IRIS
"=""0784621312""",Not found in IRIS
"=""0782576434""",Not found in IRIS
"=""0768966734""",Not found in IRIS
"=""1736055004""",Not found in IRIS
"=""1715630873""",Not found in IRIS
"=""1713076184""",Not found in IRIS
"=""0759820439""",Not found in IRIS
"=""1704805423""",Not found in IRIS
"=""1706262358""",Not found in IRIS
"=""1722556709""",Not found in IRIS
"=""1726182299""",Not found in IRIS
"=""1726183578""",Not found in IRIS
"=""1703784226""",Not found in IRIS
"=""1703485921""",Not found in IRIS
"=""1728178880""",Not found in IRIS
"=""1717984057""",Not found in IRIS
"=""0787020450""",Not found in IRIS
"=""0794654428""",Not found in IRIS
"=""0782168485""",Not found in IRIS
"=""1747157606""",Not found in IRIS
"=""""",Not found in IRIS
"=""0786869329""",Not found in IRIS
"=""0778096290""",Not found in IRIS
"=""0769706116""",Not found in IRIS
"=""1703837065""",Not found in IRIS
"=""0797171962""",Not found in IRIS
"=""1716666643""",Not found in IRIS
"=""0782775537""",Not found in IRIS
"=""1732830126""",Not found in IRIS
"=""0784132319""",Not found in IRIS
"=""1747211664""",Not found in IRIS
"=""1703636964""",Not found in IRIS
"=""0783191959""",Not found in IRIS
"=""1703637956""",Not found in IRIS
"=""1722066085""",Not found in IRIS
"=""1725034173""",Not found in IRIS
"=""1725034470""",Not found in IRIS
"=""1704903104""",Not found in IRIS
"=""1725508378""",Not found in IRIS
"=""1732309317""",Not found in IRIS
"=""1724070253""",Not found in IRIS
"=""1704517838""",Not found in IRIS
"=""1705724825""",Not found in IRIS
"=""0793137860""",Not found in IRIS
"=""0793977960""",Not found in IRIS
"=""1723833655""",Not found in IRIS
"=""1713472771""",Not found in IRIS
"=""0785275389""",Not found in IRIS
"=""1734165083""",Not found in IRIS
"=""1734166397""",Not found in IRIS
"=""0797091458""",Not found in IRIS
"=""0795527349""",Not found in IRIS
"=""1745791107""",Not found in IRIS
"=""1713040055""",Not found in IRIS
"=""1704800497""",Not found in IRIS
"=""1722972480""",Not found in IRIS
"=""1732744491""",Not found in IRIS
"=""1736588892""",Not found in IRIS
"=""1704991505""",Not found in IRIS
"=""1712512875""",Not found in IRIS
"=""1712511944""",Not found in IRIS
"=""0758924172""",Not found in IRIS
"=""0787570812""",Not found in IRIS
"=""1704091110""",Not found in IRIS
"=""1702603671""",Not found in IRIS
"=""1704012515""",Not found in IRIS
"=""1704198450""",Not found in IRIS
"=""1715054860""",Not found in IRIS
"=""1712041098""",Not found in IRIS
"=""1712043143""",Not found in IRIS
"=""0782975022""",Not found in IRIS
"=""0784416690""",Not found in IRIS
"=""0785994449""",Not found in IRIS
"=""0794115081""",Not found in IRIS
"=""0792235769""",Not found in IRIS
"=""1735671948""",Not found in IRIS
"=""1715436178""",Not found in IRIS
"=""0792143871""",Not found in IRIS
"=""1722076846""",Not found in IRIS
"=""0797301498""",Not found in IRIS
"=""0795573175""",Not found in IRIS
"=""1725408445""",Not found in IRIS
"=""0784143758""",Not found in IRIS
"=""0784858345""",Not found in IRIS
"=""1747303631""",Not found in IRIS
"=""1746411926""",Not found in IRIS
"=""1736054058""",Not found in IRIS
"=""1704856177""",Not found in IRIS
"=""1714006455""",Not found in IRIS
"=""1830500386""",Not found in IRIS
"=""0785926473""",Not found in IRIS
"=""1703830201""",Not found in IRIS
"=""1734503501""",Not found in IRIS
"=""0772976372""",Not found in IRIS
"=""1703635940""",Not found in IRIS
"=""1704474425""",Not found in IRIS
"=""1712641680""",Not found in IRIS
"=""1736779440""",Not found in IRIS
"=""1736870873""",Not found in IRIS
"=""1715747380""",Not found in IRIS
"=""1704625657""",Not found in IRIS
"=""0787163870""",Not found in IRIS
"=""0797172890""",Not found in IRIS
"=""1702933860""",Not found in IRIS
"=""1712428109""",Not found in IRIS
"=""1702932834""",Not found in IRIS
"=""1725409425""",Not found in IRIS
"=""1725407476""",Not found in IRIS
"=""1748213769""",Not found in IRIS
"=""1704149748""",Not found in IRIS
"=""1723190996""",Not found in IRIS
"=""1722064138""",Not found in IRIS
"=""1713160466""",Not found in IRIS
"=""1712041087""",Not found in IRIS
"=""1712042140""",Not found in IRIS
"=""1734147606""",Not found in IRIS
"=""1723832865""",Not found in IRIS
"=""1706530387""",Not found in IRIS
"=""1706437537""",Not found in IRIS
"=""1746396721""",Not found in IRIS
"=""0786254876""",Not found in IRIS
"=""0786254864""",Not found in IRIS
"=""0793547209""",Not found in IRIS
"=""1704478749""",Not found in IRIS
"=""1703388410""",Not found in IRIS
"=""1702263362""",Not found in IRIS
"=""1732399822""",Not found in IRIS
"=""1738110911""",Not found in IRIS
"=""1713340839""",Not found in IRIS
"=""1715547147""",Not found in IRIS
"=""0759822471""",Not found in IRIS
"=""1722867012""",Not found in IRIS
"=""0792213955""",Not found in IRIS
"=""0792143996""",Not found in IRIS
"=""0796394796""",Not found in IRIS
"=""1731297846""",Not found in IRIS
"=""1748134232""",Not found in IRIS
"=""1748134143""",Not found in IRIS
"=""1748134033""",Not found in IRIS
"=""0783347434""",Not found in IRIS
"=""0792687119""",Not found in IRIS
"=""0774999119""",Not found in IRIS
"=""0784242456""",Not found in IRIS
"=""1747647883""",Not found in IRIS
"=""0794655884""",Not found in IRIS
"=""1718314870""",Not found in IRIS
"=""1704517558""",Not found in IRIS
"=""1703468324""",Not found in IRIS
"=""1737981496""",Not found in IRIS
"=""0783999934""",Not found in IRIS
"=""0794297361""",Not found in IRIS
"=""0793525707""",Not found in IRIS
"=""1723091218""",Not found in IRIS
"=""0785725501""",Not found in IRIS
"=""1738616351""",Not found in IRIS
"=""0794754058""",Not found in IRIS
"=""0783745833""",Not found in IRIS
"=""1703739164""",Not found in IRIS
"=""1734508048""",Not found in IRIS
"=""0794298361""",Not found in IRIS
"=""1736670500""",Not found in IRIS
"=""1704991606""",Not found in IRIS
"=""1704991604""",Not found in IRIS
"=""0758541410""",Not found in IRIS
"=""0758924255""",Not found in IRIS
"=""0758924209""",Not found in IRIS
"=""1704991506""",Not found in IRIS
"=""1723840165""",Not found in IRIS
"=""0787261004""",Not found in IRIS
"=""1712841180""",Not found in IRIS
"=""1727175051""",Not found in IRIS
"=""1712042181""",Not found in IRIS
"=""1748225181""",Not found in IRIS
"=""1748211709""",Not found in IRIS
"=""1727142056""",Not found in IRIS
"=""1727049262""",Not found in IRIS
"=""0798146337""",Not found in IRIS
"=""1746106063""",Not found in IRIS
"=""1717975774""",Not found in IRIS
"=""0788021409""",Not found in IRIS
"=""0783092514""",Not found in IRIS
"=""0784444878""",Not found in IRIS
"=""1746504371""",Not found in IRIS
"=""1746408474""",Not found in IRIS
"=""1703874096""",Not found in IRIS
"=""1703837079""",Not found in IRIS
"=""1716132414""",Not found in IRIS
"=""0768914024""",Not found in IRIS
"=""0787396974""",Not found in IRIS
"=""1716177015""",Not found in IRIS
"=""""",Not found in IRIS
"=""0794624163""",Not found in IRIS
"=""0795527551""",Not found in IRIS
"=""0783843515""",Not found in IRIS
"=""1703467496""",Not found in IRIS
"=""0785993511""",Not found in IRIS
"=""0793230821""",Not found in IRIS
"=""0792562504""",Not found in IRIS
"=""1704053033""",Not found in IRIS
"=""1725861165""",Not found in IRIS
"=""1738129863""",Not found in IRIS
"=""1702272196""",Not found in IRIS
"=""1713796356""",Not found in IRIS
"=""1729443936""",Not found in IRIS
"=""1738125280""",Not found in IRIS
"=""0758552878""",Not found in IRIS
"=""0758431595""",Not found in IRIS
"=""0758438602""",Not found in IRIS
"=""0758423732""",Not found in IRIS
"=""0769607079""",Not found in IRIS
"=""0758557975""",Not found in IRIS
"=""0758569502""",Not found in IRIS
"=""0758424374""",Not found in IRIS
"=""0779110052""",Not found in IRIS
"=""0779640932""",Not found in IRIS
"=""0758542814""",Not found in IRIS
"=""0779018001""",Not found in IRIS
"=""0779019062""",Not found in IRIS
"=""0779002105""",Not found in IRIS
"=""0779001155""",Not found in IRIS
"=""0779001135""",Not found in IRIS
"=""0779341121""",Not found in IRIS
"=""0758467335""",Not found in IRIS
"=""0779123049""",Not found in IRIS
"=""0779226347""",Not found in IRIS
"=""0779120422""",Not found in IRIS
"=""0779029264""",Not found in IRIS
"=""0779445734""",Not found in IRIS
"=""0758458714""",Not found in IRIS
"=""0758421414""",Not found in IRIS
"=""0758413949""",Not found in IRIS
"=""0758411613""",Not found in IRIS
"=""0758417096""",Not found in IRIS
"=""0779246549""",Not found in IRIS
"=""0779444946""",Not found in IRIS
"=""0758554587""",Not found in IRIS
"=""0758554639""",Not found in IRIS
"=""0758554736""",Not found in IRIS
"=""0758553536""",Not found in IRIS
"=""0758554853""",Not found in IRIS
"=""0758554879""",Not found in IRIS
"=""0758554996""",Not found in IRIS
"=""0758463594""",Not found in IRIS
"=""0758564465""",Not found in IRIS
"=""0758563023""",Not found in IRIS
"=""0758541862""",Not found in IRIS
"=""0758456699""",Not found in IRIS
"=""0758458790""",Not found in IRIS
"=""0758459744""",Not found in IRIS
"=""0758459799""",Not found in IRIS
"=""0758550853""",Not found in IRIS
"=""0758551649""",Not found in IRIS
"=""0758550549""",Not found in IRIS
"=""0758459585""",Not found in IRIS
"=""0779006817""",Not found in IRIS
"=""0758551598""",Not found in IRIS
"=""0758552666""",Not found in IRIS
"=""0758552754""",Not found in IRIS
